"Provider Name","NPI","Degree","Address","City","County","State","Zip","Contact numbers","Office Email Address","Specialties","Enrollment ID","Medical groups","Telemedicine","Accreditation Type(s)","Office Hours","Accessibility Indicators","Office Staff Languages","Cultural Competency Facility",,
"Alhambra Hospital Medical Center","1770612756","","100 South Raymond Avenue","ALHAMBRA","LOS ANGELES","CA","91801","(626) 570-1606","","","","","","The Joint Commission","24 hrs/day, 7 days/week","P, EB, IB, R, T(Self-Reported)","","N"
"AHMC Anaheim Regional Medical Center LP","1891938122","","1111 W La Palma Ave","ANAHEIM","ORANGE","CA","92801","(714) 774-1450","","","","","","The Joint Commission","24 hrs/day, 7 days/week","","","N"
"USC Arcadia Hospital","1164410593","","300 W HUNTINGTON DR","ARCADIA","LOS ANGELES","CA","91007","(626) 898-8000","","","","","","The Joint Commission","24 hrs/day, 7 days/week","P, EB, IB, R, T(Self-Reported)","","Y"
"Sutter Auburn Faith Hospital","1194774299","","11815 Education Street","AUBURN","PLACER","CA","95602","(530) 888-4500","","","","","","The Joint Commission","24 hrs/day, 7 days/week","","","N"
"Bear Valley Community Healthcare District","1073553756","","41870 Garstin Drive","BIG BEAR LAKE","SAN BERNARDINO","CA","92315","(909) 866-6501","","","","","","None","","","","N"
"Southern California Hospital at Culver City","1487905725","","3828 Delmas Terrace","CULVER CITY","LOS ANGELES","CA","90232","(310) 836-7000","","","","","","Healthcare Inc DNV","24 hrs/day, 7 days/week","P, EB, IB, R, T(Self-Reported)","","N"
"California Hospital Medical Center","1114081056","","1401 South Grand Avenue","LOS ANGELES","LOS ANGELES","CA","90015","(213) 748-2411","","","","CEP America - California","","The Joint Commission","24 hrs/day, 7 days/week","","","N"
"California Hospital Medical Center","1114081056","","1401 South Grand Avenue","LOS ANGELES","LOS ANGELES","CA","90015","(213) 748-2411","","","","","","The Joint Commission","24 hrs/day, 7 days/week","","","N"
"Centinela Hospital Medical Center","1336328244","","555 E. Hardy St.","INGLEWOOD","LOS ANGELES","CA","90301","(310) 673-4660, (310) 673-4660","","","","","","The Joint Commission","24 hrs/day, 7 days/week","","","N"
"Chapman Global Medical Center","1427041110","","2601 East Chapman Avenue","ORANGE","ORANGE","CA","92869","(714) 633-0011","","","","","","The Joint Commission","24 hrs/day, 7 days/week","P, EB, IB, R, T(Self-Reported)","","Y"
"Rady Children's Hospital - San Diego","1710065933","","3020 Children's Way, PMB 5099","SAN DIEGO","SAN DIEGO","CA","92123","(858) 576-1700","","","","La Maestra Family Clinic - City Heights","","The Joint Commission","24 hrs/day, 7 days/week","P, EB, IB, R(Verified)","Spanish","N"
"Rady Children's Hospital - San Diego","1710065933","","3020 Children's Way, PMB 5099","SAN DIEGO","SAN DIEGO","CA","92123","(858) 576-1700","","","","La Maestra Medical Clinic - Broadway","","The Joint Commission","24 hrs/day, 7 days/week","P, EB, IB, R(Verified)","Spanish","N"
"Rady Children's Hospital - San Diego","1710065933","","3020 Children's Way, PMB 5099","SAN DIEGO","SAN DIEGO","CA","92123","(858) 576-1700","","","","La Maestra Medical Clinic - First Street","","The Joint Commission","24 hrs/day, 7 days/week","P, EB, IB, R(Verified)","Spanish","N"
"Rady Children's Hospital - San Diego","1710065933","","3020 Children's Way, PMB 5099","SAN DIEGO","SAN DIEGO","CA","92123","(858) 576-1700","","","","La Maestra Medical Clinic - National City","","The Joint Commission","24 hrs/day, 7 days/week","P, EB, IB, R(Verified)","Spanish","N"
"Rady Children's Hospital - San Diego","1710065933","","3020 Children's Way, PMB 5099","SAN DIEGO","SAN DIEGO","CA","92123","(858) 576-1700","","","","Rady Children's Health Network","","The Joint Commission","24 hrs/day, 7 days/week","P, EB, IB, R(Verified)","Spanish","N"
"Rady Children's Hospital - San Diego","1710065933","","3020 Children's Way, PMB 5099","SAN DIEGO","SAN DIEGO","CA","92123","(858) 576-1700","","","","UCSD MEDICAL GROUP","","The Joint Commission","24 hrs/day, 7 days/week","P, EB, IB, R(Verified)","Spanish","N"
"Rady Children's Hospital - San Diego","1710065933","","3020 Children's Way, PMB 5099","SAN DIEGO","SAN DIEGO","CA","92123","(858) 576-1700","","","","VISTA COMMUNITY CLINIC - DURIAN SENIOR ADULT CARE","","The Joint Commission","24 hrs/day, 7 days/week","P, EB, IB, R(Verified)","Spanish","N"
"Rady Children's Hospital - San Diego","1710065933","","3020 Children's Way, PMB 5099","SAN DIEGO","SAN DIEGO","CA","92123","(858) 576-1700","","","","VISTA COMMUNITY CLINIC - FALLBROOK PEDIATRICS","","The Joint Commission","24 hrs/day, 7 days/week","P, EB, IB, R(Verified)","Spanish","N"
"Rady Children's Hospital - San Diego","1710065933","","3020 Children's Way, PMB 5099","SAN DIEGO","SAN DIEGO","CA","92123","(858) 576-1700","","","","Vista Community Clinic - Durian - FFS","","The Joint Commission","24 hrs/day, 7 days/week","P, EB, IB, R(Verified)","Spanish","N"
"Rady Children's Hospital - San Diego","1710065933","","3020 Children's Way, PMB 5099","SAN DIEGO","SAN DIEGO","CA","92123","(858) 576-1700","","","","Vista Community Clinic - Grapevine - FFS","","The Joint Commission","24 hrs/day, 7 days/week","P, EB, IB, R(Verified)","Spanish","N"
"Rady Children's Hospital - San Diego","1710065933","","3020 Children's Way, PMB 5099","SAN DIEGO","SAN DIEGO","CA","92123","(858) 576-1700","","","","Vista Community Clinic - Horne - FFS","","The Joint Commission","24 hrs/day, 7 days/week","P, EB, IB, R(Verified)","Spanish","N"
"Rady Children's Hospital - San Diego","1710065933","","3020 Children's Way, PMB 5099","SAN DIEGO","SAN DIEGO","CA","92123","(858) 576-1700","","","","Vista Community Clinic - Lake Elsinore - FFS","","The Joint Commission","24 hrs/day, 7 days/week","P, EB, IB, R(Verified)","Spanish","N"
"Rady Children's Hospital - San Diego","1710065933","","3020 Children's Way, PMB 5099","SAN DIEGO","SAN DIEGO","CA","92123","(858) 576-1700","","","","Vista Community Clinic - North River - FFS","","The Joint Commission","24 hrs/day, 7 days/week","P, EB, IB, R(Verified)","Spanish","N"
"Rady Children's Hospital - San Diego","1710065933","","3020 Children's Way, PMB 5099","SAN DIEGO","SAN DIEGO","CA","92123","(858) 576-1700","","","","Vista Community Clinic - Pier View - FFS","","The Joint Commission","24 hrs/day, 7 days/week","P, EB, IB, R(Verified)","Spanish","N"
"Rady Children's Hospital - San Diego","1710065933","","3020 Children's Way, PMB 5099","SAN DIEGO","SAN DIEGO","CA","92123","(858) 576-1700","","","","Vista Community Clinic - Vale Terrace - FFS","","The Joint Commission","24 hrs/day, 7 days/week","P, EB, IB, R(Verified)","Spanish","N"
"Rady Children's Hospital - San Diego","1710065933","","3020 Children's Way, PMB 5099","SAN DIEGO","SAN DIEGO","CA","92123","(858) 576-1700","","","","","","The Joint Commission","24 hrs/day, 7 days/week","P, EB, IB, R(Verified)","Spanish","N"
"Chino Valley Medical Center","1962407460","","5451 Walnut Ave","CHINO","SAN BERNARDINO","CA","91710","(909) 464-8600","","","","","","The Joint Commission","","","","N"
"South Coast Global Medical Center","1558354258","","2701 South Bristol Street","SANTA ANA","ORANGE","CA","92704","(714) 754-5454","","","","","","The Joint Commission","24 hrs/day, 7 days/week","","","N"
"Desert Regional Medical Center","1104856095","","1150 North Indian Canyon Drive","PALM SPRINGS","RIVERSIDE","CA","92262","(760) 323-6511","","","","Desert Clinic Pain Institute/ Summit Institute","","The Joint Commission","","P, EB, IB, R, T(Self-Reported)","","Y"
"Desert Regional Medical Center","1104856095","","1150 North Indian Canyon Drive","PALM SPRINGS","RIVERSIDE","CA","92262","(760) 323-6511","","","","MORONGO BASIN COMMUNITY HEALTH - 29","","The Joint Commission","","P, EB, IB, R, T(Self-Reported)","","Y"
"Desert Regional Medical Center","1104856095","","1150 North Indian Canyon Drive","PALM SPRINGS","RIVERSIDE","CA","92262","(760) 323-6511","","","","MORONGO BASIN COMMUNITY HEALTH - YV","","The Joint Commission","","P, EB, IB, R, T(Self-Reported)","","Y"
"Desert Regional Medical Center","1104856095","","1150 North Indian Canyon Drive","PALM SPRINGS","RIVERSIDE","CA","92262","(760) 323-6511","","","","MORONGO BASIN COMMUNITY HEALTH CENTER - AW","","The Joint Commission","","P, EB, IB, R, T(Self-Reported)","","Y"
"Desert Regional Medical Center","1104856095","","1150 North Indian Canyon Drive","PALM SPRINGS","RIVERSIDE","CA","92262","(760) 323-6511","","","","","","The Joint Commission","","P, EB, IB, R, T(Self-Reported)","","Y"
"Lakewood Regional Medical Center","1184655581","","3700 E South St","LAKEWOOD","LOS ANGELES","CA","90712","(562) 531-2550, (562) 602-0083","","","","","","The Joint Commission","24 hrs/day, 7 days/week","P, EB, IB, R, T(Self-Reported)","","N"
"Montclair Hospital Medical Center","1992721161","","5000 San Bernardino Street","MONTCLAIR","SAN BERNARDINO","CA","91763","(909) 625-8192","","","","","","The Joint Commission","24 hrs/day, 7 days/week","","","N"
"East Los Angeles Doctors Hospital","1417957473","","4060 E Whittier Blvd.","LOS ANGELES","LOS ANGELES","CA","90023","(323) 268-5514","","","","Central Neighborhood Family Clinic - Grand","","The Joint Commission","24 hrs/day, 7 days/week","P, EB, IB, R(Self-Reported)","","N"
"East Los Angeles Doctors Hospital","1417957473","","4060 E Whittier Blvd.","LOS ANGELES","LOS ANGELES","CA","90023","(323) 268-5514","","","","Central Neighborhood Family Clinic - Manchester","","The Joint Commission","24 hrs/day, 7 days/week","P, EB, IB, R(Self-Reported)","","N"
"East Los Angeles Doctors Hospital","1417957473","","4060 E Whittier Blvd.","LOS ANGELES","LOS ANGELES","CA","90023","(323) 268-5514","","","","Central Neighborhood Family Clinic","","The Joint Commission","24 hrs/day, 7 days/week","P, EB, IB, R(Self-Reported)","","N"
"East Los Angeles Doctors Hospital","1417957473","","4060 E Whittier Blvd.","LOS ANGELES","LOS ANGELES","CA","90023","(323) 268-5514","","","","","","The Joint Commission","24 hrs/day, 7 days/week","P, EB, IB, R(Self-Reported)","","N"
"Eisenhower Medical Center","1013981554","","39000 Bob Hope Drive","RANCHO MIRAGE","RIVERSIDE","CA","92270","(760) 340-3911","","","","Desert Clinic Pain Institute/ Summit Institute","","The Joint Commission","24 hrs/day, 7 days/week","P, EB, IB, R(Self-Reported)","","N"
"Eisenhower Medical Center","1013981554","","39000 Bob Hope Drive","RANCHO MIRAGE","RIVERSIDE","CA","92270","(760) 340-3911","","","","EISENHOWER MEDICAL CENTER - PALM SPRINGS","","The Joint Commission","24 hrs/day, 7 days/week","P, EB, IB, R(Self-Reported)","","N"
"Eisenhower Medical Center","1013981554","","39000 Bob Hope Drive","RANCHO MIRAGE","RIVERSIDE","CA","92270","(760) 340-3911","","","","Eisenhower Health Center at Sunrise","","The Joint Commission","24 hrs/day, 7 days/week","P, EB, IB, R(Self-Reported)","","N"
"Eisenhower Medical Center","1013981554","","39000 Bob Hope Drive","RANCHO MIRAGE","RIVERSIDE","CA","92270","(760) 340-3911","","","","","","The Joint Commission","24 hrs/day, 7 days/week","P, EB, IB, R(Self-Reported)","","N"
"Emanate Health foothill Presbyterian Hospital","1992733513","","250 S. Grand Ave.","GLENDORA","LOS ANGELES","CA","91741","(626) 814-2588","","","","","","The Joint Commission","24 hrs/day, 7 days/week","P, EB, IB, R, T(Self-Reported)","","N"
"Fountain Valley Regional Hospital and Medical Center","1821002007","","17100 Euclid St.","FOUNTAIN VALLEY","ORANGE","CA","92708","(714) 966-7200, (714) 979-1211","","","","","","The Joint Commission","24 hrs/day, 7 days/week","","","N"
"Garden Grove Hospital Medical Center","1659538858","","12601 Garden Grove Blvd","GARDEN GROVE","ORANGE","CA","92843","(714) 537-5160, (714) 741-2711","","","","","","The Joint Commission","24 hrs/day, 7 days/week","","","N"
"Memorial Hospital of Gardena","1063412005","","1141 W Redondo Beach Blvd Ste 212","GARDENA","LOS ANGELES","CA","90247","(310) 532-4200","","","","Central Neighborhood Family Clinic - Grand","","The Joint Commission","24 hrs/day, 7 days/week","P, EB, IB, R(Self-Reported)","","N"
"Memorial Hospital of Gardena","1063412005","","1141 W Redondo Beach Blvd Ste 212","GARDENA","LOS ANGELES","CA","90247","(310) 532-4200","","","","Central Neighborhood Family Clinic - Manchester","","The Joint Commission","24 hrs/day, 7 days/week","P, EB, IB, R(Self-Reported)","","N"
"Memorial Hospital of Gardena","1063412005","","1141 W Redondo Beach Blvd Ste 212","GARDENA","LOS ANGELES","CA","90247","(310) 532-4200","","","","Central Neighborhood Family Clinic","","The Joint Commission","24 hrs/day, 7 days/week","P, EB, IB, R(Self-Reported)","","N"
"Memorial Hospital of Gardena","1063412005","","1141 W Redondo Beach Blvd Ste 212","GARDENA","LOS ANGELES","CA","90247","(310) 532-4200","","","","","","The Joint Commission","24 hrs/day, 7 days/week","P, EB, IB, R(Self-Reported)","","N"
"Garfield Medical Center","1730171265","","525 N Garfield Ave","MONTEREY PARK","LOS ANGELES","CA","91754","(626) 573-2222","","","","","","The Joint Commission","","","","N"
"Glendale Memorial Hospital and Health Center","1477610640","","1420 South Central Avenue","GLENDALE","LOS ANGELES","CA","91204","(818) 502-1900","","","","","","The Joint Commission","24 hrs/day, 7 days/week","","","N"
"Greater El Monte Community Hospital","1346232881","","1701 South Santa Anita Avenue","EL MONTE","LOS ANGELES","CA","91733","(626) 350-7936, (626) 579-7777","","","","","","The Joint Commission","24 hrs/day, 7 days/week","P, EB, IB, R, T(Self-Reported)","","N"
"Scripps Green Hospital","1841233780","","10666 N. Torrey Pines Rd.","LA JOLLA","SAN DIEGO","CA","92037","(858) 455-9100","","","","SCRIPPS CLINIC MEDICAL GROUP - DIRECT NETWORK","","The Joint Commission","24 hrs/day, 7 days/week","P, EB, R(Verified)","","N"
"Scripps Green Hospital","1841233780","","10666 N. Torrey Pines Rd.","LA JOLLA","SAN DIEGO","CA","92037","(858) 455-9100","","","","SCRIPPS COASTAL MEDICAL CENTER - DIRECT NETWORK","","The Joint Commission","24 hrs/day, 7 days/week","P, EB, R(Verified)","","N"
"Scripps Green Hospital","1841233780","","10666 N. Torrey Pines Rd.","LA JOLLA","SAN DIEGO","CA","92037","(858) 455-9100","","","","Scripps Cardiovascular and Thoracic Surgery Center","","The Joint Commission","24 hrs/day, 7 days/week","P, EB, R(Verified)","","N"
"Scripps Green Hospital","1841233780","","10666 N. Torrey Pines Rd.","LA JOLLA","SAN DIEGO","CA","92037","(858) 455-9100","","","","","","The Joint Commission","24 hrs/day, 7 days/week","P, EB, R(Verified)","","N"
"Hemet Valley Medical Center","1508939349","","1117 E Devonshire Ave","HEMET","RIVERSIDE","CA","92543","(951) 652-2811","","","","","","The Joint Commission","24 hrs/day, 7 days/week","","","N"
"Henry Mayo Newhall Memorial Hospital","1780668434","","23845 West McBean Parkway","VALENCIA","LOS ANGELES","CA","91355","(661) 253-8000","","","","PROVIDENCE FACEY MEDICAL FOUNDATION - CANYON COUNTRY","","The Joint Commission","","","","N"
"Henry Mayo Newhall Memorial Hospital","1780668434","","23845 West McBean Parkway","VALENCIA","LOS ANGELES","CA","91355","(661) 253-8000","","","","PROVIDENCE FACEY MEDICAL FOUNDATION - COPPERHILL","","The Joint Commission","","","","N"
"Henry Mayo Newhall Memorial Hospital","1780668434","","23845 West McBean Parkway","VALENCIA","LOS ANGELES","CA","91355","(661) 253-8000","","","","PROVIDENCE FACEY MEDICAL FOUNDATION - VALENCIA","","The Joint Commission","","","","N"
"Henry Mayo Newhall Memorial Hospital","1780668434","","23845 West McBean Parkway","VALENCIA","LOS ANGELES","CA","91355","(661) 253-8000","","","","","","The Joint Commission","","","","N"
"Miller Children's Hospital","1477596583","","2801 Atlantic Avenue","LONG BEACH","LOS ANGELES","CA","90806","(562) 933-2000, (562) 933-5437","","","","","","The Joint Commission","24 hrs/day, 7 days/week","","Cambodian,Khmer, Spanish","N"
"Hi-desert Memorial Health Care District","1851787295","","6601 White Feather Rd.","JOSHUA TREE","SAN BERNARDINO","CA","92252","(760) 366-6359","","","","MORONGO BASIN COMMUNITY HEALTH - 29","","The Joint Commission","","","","N"
"Hi-desert Memorial Health Care District","1851787295","","6601 White Feather Rd.","JOSHUA TREE","SAN BERNARDINO","CA","92252","(760) 366-6359","","","","MORONGO BASIN COMMUNITY HEALTH - YV","","The Joint Commission","","","","N"
"Hi-desert Memorial Health Care District","1851787295","","6601 White Feather Rd.","JOSHUA TREE","SAN BERNARDINO","CA","92252","(760) 366-6359","","","","MORONGO BASIN COMMUNITY HEALTH CENTER - AW","","The Joint Commission","","","","N"
"Hi-desert Memorial Health Care District","1851787295","","6601 White Feather Rd.","JOSHUA TREE","SAN BERNARDINO","CA","92252","(760) 366-6359","","","","","","The Joint Commission","","","","N"
"Southern California Hospital at Hollywood","1023010113","","6245 De Longpre Ave.","LOS ANGELES","LOS ANGELES","CA","90028","(323) 462-2271","","","","","","Healthcare Inc DNV","Mon, Tue , Thu & Fri 8:00 a.m. - 5:00 p.m.Wed 7:00 a.m. - 5:00 p.m.","P, EB, IB, R, T(Self-Reported)","","N"
"Providence Holy Cross Medical Center","1477587632","","15031 Rinaldi St.","MISSION HILLS","LOS ANGELES","CA","91345","(818) 365-8051","","","","PROVIDENCE FACEY MEDICAL FOUNDATION - CANYON COUNTRY","","The Joint Commission","24 hrs/day, 7 days/week","P, EB, IB, R(Self-Reported)","","N"
"Providence Holy Cross Medical Center","1477587632","","15031 Rinaldi St.","MISSION HILLS","LOS ANGELES","CA","91345","(818) 365-8051","","","","PROVIDENCE FACEY MEDICAL FOUNDATION - COPPERHILL","","The Joint Commission","24 hrs/day, 7 days/week","P, EB, IB, R(Self-Reported)","","N"
"Providence Holy Cross Medical Center","1477587632","","15031 Rinaldi St.","MISSION HILLS","LOS ANGELES","CA","91345","(818) 365-8051","","","","PROVIDENCE FACEY MEDICAL FOUNDATION - MISSION HILLS","","The Joint Commission","24 hrs/day, 7 days/week","P, EB, IB, R(Self-Reported)","","N"
"Providence Holy Cross Medical Center","1477587632","","15031 Rinaldi St.","MISSION HILLS","LOS ANGELES","CA","91345","(818) 365-8051","","","","PROVIDENCE FACEY MEDICAL FOUNDATION - NORTHRIDGE","","The Joint Commission","24 hrs/day, 7 days/week","P, EB, IB, R(Self-Reported)","","N"
"Providence Holy Cross Medical Center","1477587632","","15031 Rinaldi St.","MISSION HILLS","LOS ANGELES","CA","91345","(818) 365-8051","","","","PROVIDENCE FACEY MEDICAL FOUNDATION - PORTER RANCH","","The Joint Commission","24 hrs/day, 7 days/week","P, EB, IB, R(Self-Reported)","","N"
"Providence Holy Cross Medical Center","1477587632","","15031 Rinaldi St.","MISSION HILLS","LOS ANGELES","CA","91345","(818) 365-8051","","","","PROVIDENCE FACEY MEDICAL FOUNDATION - VALENCIA","","The Joint Commission","24 hrs/day, 7 days/week","P, EB, IB, R(Self-Reported)","","N"
"Providence Holy Cross Medical Center","1477587632","","15031 Rinaldi St.","MISSION HILLS","LOS ANGELES","CA","91345","(818) 365-8051","","","","","","The Joint Commission","24 hrs/day, 7 days/week","P, EB, IB, R(Self-Reported)","","N"
"Huntington Memorial Hospital","1437121142","","100 W California Blvd","PASADENA","LOS ANGELES","CA","91105","(626) 397-5000","","","","","","The Joint Commission","24 hrs/day, 7 days/week","P, EB, IB, R, T(Self-Reported)","","N"
"Palomar Medical Center - Escondido","1457321317","","2185 Citracado Parkway","ESCONDIDO","SAN DIEGO","CA","92029","(760) 739-3000","","","","BCHF - CENTRO MEDICO COACHELLA","","The Joint Commission","24 hrs/day, 7 days/week","","","N"
"Palomar Medical Center - Escondido","1457321317","","2185 Citracado Parkway","ESCONDIDO","SAN DIEGO","CA","92029","(760) 739-3000","","","","BCHF - CENTRO MEDICO ESCONDIDO","","The Joint Commission","24 hrs/day, 7 days/week","","","N"
"Palomar Medical Center - Escondido","1457321317","","2185 Citracado Parkway","ESCONDIDO","SAN DIEGO","CA","92029","(760) 739-3000","","","","BCHF - CENTRO MEDICO OASIS","","The Joint Commission","24 hrs/day, 7 days/week","","","N"
"Palomar Medical Center - Escondido","1457321317","","2185 Citracado Parkway","ESCONDIDO","SAN DIEGO","CA","92029","(760) 739-3000","","","","BORREGO COMMUNITY HEALTH FOUNDATION","","The Joint Commission","24 hrs/day, 7 days/week","","","N"
"Palomar Medical Center - Escondido","1457321317","","2185 Citracado Parkway","ESCONDIDO","SAN DIEGO","CA","92029","(760) 739-3000","","","","GRAYBILL MEDICAL GROUP - OCEANSIDE","","The Joint Commission","24 hrs/day, 7 days/week","","","N"
"Palomar Medical Center - Escondido","1457321317","","2185 Citracado Parkway","ESCONDIDO","SAN DIEGO","CA","92029","(760) 739-3000","","","","NEIGHBORHOOD HEALTHCARE - CORONA","","The Joint Commission","24 hrs/day, 7 days/week","","","N"
"Palomar Medical Center - Escondido","1457321317","","2185 Citracado Parkway","ESCONDIDO","SAN DIEGO","CA","92029","(760) 739-3000","","","","NEIGHBORHOOD HEALTHCARE - DEVONSHIRE","","The Joint Commission","24 hrs/day, 7 days/week","","","N"
"Palomar Medical Center - Escondido","1457321317","","2185 Citracado Parkway","ESCONDIDO","SAN DIEGO","CA","92029","(760) 739-3000","","","","NEIGHBORHOOD HEALTHCARE - EL CAJON","","The Joint Commission","24 hrs/day, 7 days/week","","","N"
"Palomar Medical Center - Escondido","1457321317","","2185 Citracado Parkway","ESCONDIDO","SAN DIEGO","CA","92029","(760) 739-3000","","","","NEIGHBORHOOD HEALTHCARE - ESCONDIDO","","The Joint Commission","24 hrs/day, 7 days/week","","","N"
"Palomar Medical Center - Escondido","1457321317","","2185 Citracado Parkway","ESCONDIDO","SAN DIEGO","CA","92029","(760) 739-3000","","","","NEIGHBORHOOD HEALTHCARE - FALLBROOK","","The Joint Commission","24 hrs/day, 7 days/week","","","N"
"Palomar Medical Center - Escondido","1457321317","","2185 Citracado Parkway","ESCONDIDO","SAN DIEGO","CA","92029","(760) 739-3000","","","","NEIGHBORHOOD HEALTHCARE - LAKESIDE","","The Joint Commission","24 hrs/day, 7 days/week","","","N"
"Palomar Medical Center - Escondido","1457321317","","2185 Citracado Parkway","ESCONDIDO","SAN DIEGO","CA","92029","(760) 739-3000","","","","NEIGHBORHOOD HEALTHCARE - MENIFEE","","The Joint Commission","24 hrs/day, 7 days/week","","","N"
"Palomar Medical Center - Escondido","1457321317","","2185 Citracado Parkway","ESCONDIDO","SAN DIEGO","CA","92029","(760) 739-3000","","","","NEIGHBORHOOD HEALTHCARE - PEDIATRICS","","The Joint Commission","24 hrs/day, 7 days/week","","","N"
"Palomar Medical Center - Escondido","1457321317","","2185 Citracado Parkway","ESCONDIDO","SAN DIEGO","CA","92029","(760) 739-3000","","","","NEIGHBORHOOD HEALTHCARE - POWAY GOLD FAMILY HEALTH CENTER","","The Joint Commission","24 hrs/day, 7 days/week","","","N"
"Palomar Medical Center - Escondido","1457321317","","2185 Citracado Parkway","ESCONDIDO","SAN DIEGO","CA","92029","(760) 739-3000","","","","NEIGHBORHOOD HEALTHCARE - PRENATAL","","The Joint Commission","24 hrs/day, 7 days/week","","","N"
"Palomar Medical Center - Escondido","1457321317","","2185 Citracado Parkway","ESCONDIDO","SAN DIEGO","CA","92029","(760) 739-3000","","","","NEIGHBORHOOD HEALTHCARE - TEMECULA","","The Joint Commission","24 hrs/day, 7 days/week","","","N"
"Palomar Medical Center - Escondido","1457321317","","2185 Citracado Parkway","ESCONDIDO","SAN DIEGO","CA","92029","(760) 739-3000","","","","NEIGHBORHOOD HEALTHCARE - VALLEY CENTER","","The Joint Commission","24 hrs/day, 7 days/week","","","N"
"Palomar Medical Center - Escondido","1457321317","","2185 Citracado Parkway","ESCONDIDO","SAN DIEGO","CA","92029","(760) 739-3000","","","","NEIGHBORHOOD HEALTHCARE - VALLEY PARKWAY","","The Joint Commission","24 hrs/day, 7 days/week","","","N"
"Palomar Medical Center - Escondido","1457321317","","2185 Citracado Parkway","ESCONDIDO","SAN DIEGO","CA","92029","(760) 739-3000","","","","PALOMAR HEALTH MEDICAL GROUP","","The Joint Commission","24 hrs/day, 7 days/week","","","N"
"Palomar Medical Center - Escondido","1457321317","","2185 Citracado Parkway","ESCONDIDO","SAN DIEGO","CA","92029","(760) 739-3000","","","","SYHC - ESCONDIDO FAMILY MEDICINE","","The Joint Commission","24 hrs/day, 7 days/week","","","N"
"Palomar Medical Center - Escondido","1457321317","","2185 Citracado Parkway","ESCONDIDO","SAN DIEGO","CA","92029","(760) 739-3000","","","","TRUECARE - OLDER ADULT HEALTH CENTER","","The Joint Commission","24 hrs/day, 7 days/week","","","N"
"Palomar Medical Center - Escondido","1457321317","","2185 Citracado Parkway","ESCONDIDO","SAN DIEGO","CA","92029","(760) 739-3000","","","","","","The Joint Commission","24 hrs/day, 7 days/week","","","N"
"Southwest Healthcare System - Inland Valley Medical Center","1245221050","","36485 Inland Valley Dr.","WILDOMAR","RIVERSIDE","CA","92595","(951) 677-1111","Bradley.Neet@uhsinc.com","","","","","The Joint Commission","Sun - Sat 8:00 a.m. - 4:30 p.m.","","","Y"
"Emanate Health Inter-Community Hospital","1982629440","","210 W San Bernardino Rd","COVINA","LOS ANGELES","CA","91723","(626) 732-4141","","","","","","The Joint Commission","24 hrs/day, 7 days/week","P, EB, IB, R, T(Self-Reported)","Arabic, Armenian, Burmese, Cambodian,Khmer","N"
"Catalina Island Medical Center","1346250347","","100 Falls Canyon Rd.","AVALON","LOS ANGELES","CA","90704","(310) 510-0700","","","","","","None","Sun - Sat 12:00 A.M. - 11:59 P.M.","","","N"
"John F. Kennedy Memorial Hospital","1477584993","","47111 Monroe St","INDIO","RIVERSIDE","CA","92201","(760) 347-6191","","","","","","The Joint Commission","24 hrs/day, 7 days/week","P, EB, IB, R, T(Self-Reported)","Spanish","N"
"La Palma Intercommunity Hospital","1417965559","","7901 Walker St.","LA PALMA","ORANGE","CA","90623","(714) 670-7400","","","","","","The Joint Commission","24 hrs/day, 7 days/week","","","N"
"Southern California Hospital at Van Nuys","1023010113","","14433 Emelita Street","VAN NUYS","LOS ANGELES","CA","91401","(818) 787-1511","","","","","","Healthcare Inc DNV","24 hrs/day, 7 days/week","P, EB, IB, R, T(Self-Reported)","","N"
"Southwest Healthcare Palmdale Reg ional Medical Center","1508856535","","38600 Medical Center Drive","PALMDALE","LOS ANGELES","CA","93551","(661) 382-5000, (661) 382-5000","Richard.Allen@uhsinc.com","","","","","The Joint Commission","24 hrs/day, 7 days/week","","","N"
"Providence Little Company of Mary Medical Center Torrance","1902844988","","4101 Torrance Blvd.","TORRANCE","LOS ANGELES","CA","90503","(310) 540-7676","","","","Beach Cities Orthopedic and Sport Medicine","","The Joint Commission","24 hrs/day, 7 days/week","P, EB, IB, R(Self-Reported)","","N"
"Providence Little Company of Mary Medical Center Torrance","1902844988","","4101 Torrance Blvd.","TORRANCE","LOS ANGELES","CA","90503","(310) 540-7676","","","","","","The Joint Commission","24 hrs/day, 7 days/week","P, EB, IB, R(Self-Reported)","","N"
"Long Beach Memorial Medical Center","1962442012","","2801 Atlantic Ave.","LONG BEACH","LOS ANGELES","CA","90806","(562) 933-2000","","","","MEMORIALCARE MEDICAL GROUP - LAKEWOOD","","The Joint Commission","24 hrs/day, 7 days/week","","","N"
"Long Beach Memorial Medical Center","1962442012","","2801 Atlantic Ave.","LONG BEACH","LOS ANGELES","CA","90806","(562) 933-2000","","","","MemorialCare Medical Group - Anaheim","","The Joint Commission","24 hrs/day, 7 days/week","","","N"
"Long Beach Memorial Medical Center","1962442012","","2801 Atlantic Ave.","LONG BEACH","LOS ANGELES","CA","90806","(562) 933-2000","","","","MemorialCare Medical Group - Costa Mesa","","The Joint Commission","24 hrs/day, 7 days/week","","","N"
"Long Beach Memorial Medical Center","1962442012","","2801 Atlantic Ave.","LONG BEACH","LOS ANGELES","CA","90806","(562) 933-2000","","","","MemorialCare Medical Group - Dana Point","","The Joint Commission","24 hrs/day, 7 days/week","","","N"
"Long Beach Memorial Medical Center","1962442012","","2801 Atlantic Ave.","LONG BEACH","LOS ANGELES","CA","90806","(562) 933-2000","","","","MemorialCare Medical Group - Fountain Valley","","The Joint Commission","24 hrs/day, 7 days/week","","","N"
"Long Beach Memorial Medical Center","1962442012","","2801 Atlantic Ave.","LONG BEACH","LOS ANGELES","CA","90806","(562) 933-2000","","","","MemorialCare Medical Group - Huntington Beach","","The Joint Commission","24 hrs/day, 7 days/week","","","N"
"Long Beach Memorial Medical Center","1962442012","","2801 Atlantic Ave.","LONG BEACH","LOS ANGELES","CA","90806","(562) 933-2000","","","","MemorialCare Medical Group - Irvine","","The Joint Commission","24 hrs/day, 7 days/week","","","N"
"Long Beach Memorial Medical Center","1962442012","","2801 Atlantic Ave.","LONG BEACH","LOS ANGELES","CA","90806","(562) 933-2000","","","","MemorialCare Medical Group - LB / Bellflower","","The Joint Commission","24 hrs/day, 7 days/week","","","N"
"Long Beach Memorial Medical Center","1962442012","","2801 Atlantic Ave.","LONG BEACH","LOS ANGELES","CA","90806","(562) 933-2000","","","","MemorialCare Medical Group - Mission Viejo, Madero Road","","The Joint Commission","24 hrs/day, 7 days/week","","","N"
"Long Beach Memorial Medical Center","1962442012","","2801 Atlantic Ave.","LONG BEACH","LOS ANGELES","CA","90806","(562) 933-2000","","","","MemorialCare Medical Group - Oceanview","","The Joint Commission","24 hrs/day, 7 days/week","","","N"
"Long Beach Memorial Medical Center","1962442012","","2801 Atlantic Ave.","LONG BEACH","LOS ANGELES","CA","90806","(562) 933-2000","","","","MemorialCare Medical Group - San Juan Capistrano","","The Joint Commission","24 hrs/day, 7 days/week","","","N"
"Long Beach Memorial Medical Center","1962442012","","2801 Atlantic Ave.","LONG BEACH","LOS ANGELES","CA","90806","(562) 933-2000","","","","MemorialCare Medical Group - Santa Ana, 17th Street","","The Joint Commission","24 hrs/day, 7 days/week","","","N"
"Long Beach Memorial Medical Center","1962442012","","2801 Atlantic Ave.","LONG BEACH","LOS ANGELES","CA","90806","(562) 933-2000","","","","MemorialCare Medical Group - Spring","","The Joint Commission","24 hrs/day, 7 days/week","","","N"
"Long Beach Memorial Medical Center","1962442012","","2801 Atlantic Ave.","LONG BEACH","LOS ANGELES","CA","90806","(562) 933-2000","","","","MemorialCare Medical Group - Torrance","","The Joint Commission","24 hrs/day, 7 days/week","","","N"
"Long Beach Memorial Medical Center","1962442012","","2801 Atlantic Ave.","LONG BEACH","LOS ANGELES","CA","90806","(562) 933-2000","","","","ProHealth Partners, A Medical Group","","The Joint Commission","24 hrs/day, 7 days/week","","","N"
"Long Beach Memorial Medical Center","1962442012","","2801 Atlantic Ave.","LONG BEACH","LOS ANGELES","CA","90806","(562) 933-2000","","","","","","The Joint Commission","24 hrs/day, 7 days/week","","","N"
"Los Alamitos Medical Center","1568493922","","3751 Katella Avenue","LOS ALAMITOS","ORANGE","CA","90720","(562) 598-1311","","","","","","The Joint Commission","Sun - Mon 12:00 a.m. - 11:59 p.m.","P, EB, IB, R, T(Self-Reported)","","N"
"Temecula Valley Hospital","1679816201","","31700 Temecula Pkwy.","TEMECULA","RIVERSIDE","CA","92592","(951) 331-2200","Darlene.Wetton@uhsinc.com","","","","","The Joint Commission","","P, EB, IB, R, T(Self-Reported)","","N"
"Los Angeles Community Hospital","1922001809","","4081 E. Olympic Blvd.","LOS ANGELES","LOS ANGELES","CA","90023","(323) 267-0477, (714) 771-9220","","","","","","Healthcare Inc DNV","24 hrs/day, 7 days/week","P, EB, IB, R, T(Self-Reported)","Arabic, Armenian, Cantonese, French","N"
"Menifee Valley Medical Center","1467764308","","28400 McCall Blvd.","SUN CITY","RIVERSIDE","CA","92585","(951) 679-8888","","","","","","The Joint Commission","24 hrs/day, 7 days/week","P, EB, IB, R, T(Self-Reported)","","N"
"Mercy General Hospital","1487694857","","4001 J Street","SACRAMENTO","SACRAMENTO","CA","95819","(916) 453-4545","","","","Mercy Medical Group","","The Joint Commission","","","","N"
"Mercy General Hospital","1487694857","","4001 J Street","SACRAMENTO","SACRAMENTO","CA","95819","(916) 453-4545","","","","","","The Joint Commission","","","","N"
"Providence Saint John's Health Center","1124026273","","2121 Santa Monica Blvd.","SANTA MONICA","LOS ANGELES","CA","90404","(310) 829-5511, (310) 829-8187","","","","","","The Joint Commission","24 hrs/day, 7 days/week","P, EB, IB, R(Self-Reported)","","N"
"Mercy Hospital of Folsom","1356389878","","1650 Creekside Drive","FOLSOM","SACRAMENTO","CA","95630","(916) 983-7400","","","","Mercy Medical Group","","The Joint Commission","24 hrs/day, 7 days/week","","Farsi, Mandarin, Spanish, Tagalog","N"
"Mercy Hospital of Folsom","1356389878","","1650 Creekside Drive","FOLSOM","SACRAMENTO","CA","95630","(916) 983-7400","","","","","","The Joint Commission","24 hrs/day, 7 days/week","","Farsi, Mandarin, Spanish, Tagalog","N"
"Mercy San Juan Medical Center","1972541498","","6501 Coyle Avenue","CARMICHAEL","SACRAMENTO","CA","95608","(916) 537-5000","","","","Mercy Medical Group","","The Joint Commission","","","","N"
"Mercy San Juan Medical Center","1972541498","","6501 Coyle Avenue","CARMICHAEL","SACRAMENTO","CA","95608","(916) 537-5000","","","","","","The Joint Commission","","","","N"
"Methodist Hospital of Sacramento","1467560599","","7500 Hospital Drive","SACRAMENTO","SACRAMENTO","CA","95823","(916) 423-3000","","","","Mercy Medical Group","","The Joint Commission","24 hrs/day, 7 days/week","","","N"
"Methodist Hospital of Sacramento","1467560599","","7500 Hospital Drive","SACRAMENTO","SACRAMENTO","CA","95823","(916) 423-3000","","","","","","The Joint Commission","24 hrs/day, 7 days/week","","","N"
"Monterey Park Hospital","1780676221","","900 South Atlantic Blvd.","MONTEREY PARK","LOS ANGELES","CA","91754","(626) 570-9000","","","","","","The Joint Commission","24 hrs/day, 7 days/week","P, EB, IB, R, T(Self-Reported)","","Y"
"USC NORRIS CANCER HOSP","1417554528","","1441 Eastlake Ave.","LOS ANGELES","LOS ANGELES","CA","90089","(323) 865-3000","","","","USC Care Medical Group","","The Joint Commission","Mon, Tue , Thu & Fri 8:00 a.m. - 5:00 p.m.Wed 7:00 a.m. - 5:00 p.m.","","","N"
"USC NORRIS CANCER HOSP","1417554528","","1441 Eastlake Ave.","LOS ANGELES","LOS ANGELES","CA","90089","(323) 865-3000","","","","","","The Joint Commission","Mon, Tue , Thu & Fri 8:00 a.m. - 5:00 p.m.Wed 7:00 a.m. - 5:00 p.m.","","","N"
"Northridge Hospital Medical Center","1417089350","","18300 Roscoe Blvd","NORTHRIDGE","LOS ANGELES","CA","91325","(818) 885-8500","","","","PROVIDENCE FACEY MEDICAL FOUNDATION - COPPERHILL","","The Joint Commission","24 hrs/day, 7 days/week","P, EB, IB, R(Self-Reported)","","Y"
"Northridge Hospital Medical Center","1417089350","","18300 Roscoe Blvd","NORTHRIDGE","LOS ANGELES","CA","91325","(818) 885-8500","","","","PROVIDENCE FACEY MEDICAL FOUNDATION - MISSION HILLS","","The Joint Commission","24 hrs/day, 7 days/week","P, EB, IB, R(Self-Reported)","","Y"
"Northridge Hospital Medical Center","1417089350","","18300 Roscoe Blvd","NORTHRIDGE","LOS ANGELES","CA","91325","(818) 885-8500","","","","PROVIDENCE FACEY MEDICAL FOUNDATION - NORTHRIDGE","","The Joint Commission","24 hrs/day, 7 days/week","P, EB, IB, R(Self-Reported)","","Y"
"Northridge Hospital Medical Center","1417089350","","18300 Roscoe Blvd","NORTHRIDGE","LOS ANGELES","CA","91325","(818) 885-8500","","","","PROVIDENCE FACEY MEDICAL FOUNDATION - PORTER RANCH","","The Joint Commission","24 hrs/day, 7 days/week","P, EB, IB, R(Self-Reported)","","Y"
"Northridge Hospital Medical Center","1417089350","","18300 Roscoe Blvd","NORTHRIDGE","LOS ANGELES","CA","91325","(818) 885-8500","","","","","","The Joint Commission","24 hrs/day, 7 days/week","P, EB, IB, R(Self-Reported)","","Y"
"Pacifica Hospital of the Valley","1861402935","","9449 San Fernando Rd.","SUN VALLEY","LOS ANGELES","CA","91352","(818) 767-3310","","","","","","The Joint Commission","24 hrs/day, 7 days/week","","","N"
"Mission Community Hospital - Panorama City Campus","1750365375","","14850 Roscoe Blvd.","PANORAMA CITY","LOS ANGELES","CA","91402","(818) 787-2222","","","","","","The Joint Commission","24 hrs/day, 7 days/week","","","N"
"Paradise Valley Hospital","1356410351","","2400 E. Fourth St.","NATIONAL CITY","SAN DIEGO","CA","91950","(619) 470-4321","","","","","","The Joint Commission","","","","N"
"Parkview Community Hospital Medical Center","1124596382","","3865 Jackson Street","RIVERSIDE","RIVERSIDE","CA","92503","(951) 352-5400","","","","Riverside Medical Clinic","","The Joint Commission","24 HRS/DAY, 7 DAYS/WEEK","P, EB, IB, R, T(Self-Reported)","","Y"
"Parkview Community Hospital Medical Center","1124596382","","3865 Jackson Street","RIVERSIDE","RIVERSIDE","CA","92503","(951) 352-5400","","","","","","The Joint Commission","24 HRS/DAY, 7 DAYS/WEEK","P, EB, IB, R, T(Self-Reported)","","Y"
"Placentia Linda Hospital","1700817756","","1301 N Rose Dr","PLACENTIA","ORANGE","CA","92870","(714) 993-2000","","","","ONCOLOGY PHYSICIANS NETWORK OF CALIFORNIA PC","","The Joint Commission","","","","N"
"Placentia Linda Hospital","1700817756","","1301 N Rose Dr","PLACENTIA","ORANGE","CA","92870","(714) 993-2000","","","","","","The Joint Commission","","","","N"
"Palomar Medical Center - Poway","1376513754","","15615 Pomerado Rd","POWAY","SAN DIEGO","CA","92064","(858) 613-4000","","","","GRAYBILL MEDICAL GROUP - OCEANSIDE","","The Joint Commission","24 hrs/day, 7 days/week","","","N"
"Palomar Medical Center - Poway","1376513754","","15615 Pomerado Rd","POWAY","SAN DIEGO","CA","92064","(858) 613-4000","","","","NEIGHBORHOOD HEALTHCARE - DEVONSHIRE","","The Joint Commission","24 hrs/day, 7 days/week","","","N"
"Palomar Medical Center - Poway","1376513754","","15615 Pomerado Rd","POWAY","SAN DIEGO","CA","92064","(858) 613-4000","","","","NEIGHBORHOOD HEALTHCARE - EL CAJON","","The Joint Commission","24 hrs/day, 7 days/week","","","N"
"Palomar Medical Center - Poway","1376513754","","15615 Pomerado Rd","POWAY","SAN DIEGO","CA","92064","(858) 613-4000","","","","NEIGHBORHOOD HEALTHCARE - ESCONDIDO","","The Joint Commission","24 hrs/day, 7 days/week","","","N"
"Palomar Medical Center - Poway","1376513754","","15615 Pomerado Rd","POWAY","SAN DIEGO","CA","92064","(858) 613-4000","","","","NEIGHBORHOOD HEALTHCARE - FALLBROOK","","The Joint Commission","24 hrs/day, 7 days/week","","","N"
"Palomar Medical Center - Poway","1376513754","","15615 Pomerado Rd","POWAY","SAN DIEGO","CA","92064","(858) 613-4000","","","","NEIGHBORHOOD HEALTHCARE - LAKESIDE","","The Joint Commission","24 hrs/day, 7 days/week","","","N"
"Palomar Medical Center - Poway","1376513754","","15615 Pomerado Rd","POWAY","SAN DIEGO","CA","92064","(858) 613-4000","","","","NEIGHBORHOOD HEALTHCARE - MENIFEE","","The Joint Commission","24 hrs/day, 7 days/week","","","N"
"Palomar Medical Center - Poway","1376513754","","15615 Pomerado Rd","POWAY","SAN DIEGO","CA","92064","(858) 613-4000","","","","NEIGHBORHOOD HEALTHCARE - PEDIATRICS","","The Joint Commission","24 hrs/day, 7 days/week","","","N"
"Palomar Medical Center - Poway","1376513754","","15615 Pomerado Rd","POWAY","SAN DIEGO","CA","92064","(858) 613-4000","","","","NEIGHBORHOOD HEALTHCARE - POWAY GOLD FAMILY HEALTH CENTER","","The Joint Commission","24 hrs/day, 7 days/week","","","N"
"Palomar Medical Center - Poway","1376513754","","15615 Pomerado Rd","POWAY","SAN DIEGO","CA","92064","(858) 613-4000","","","","NEIGHBORHOOD HEALTHCARE - PRENATAL","","The Joint Commission","24 hrs/day, 7 days/week","","","N"
"Palomar Medical Center - Poway","1376513754","","15615 Pomerado Rd","POWAY","SAN DIEGO","CA","92064","(858) 613-4000","","","","NEIGHBORHOOD HEALTHCARE - TEMECULA PARKWAY","","The Joint Commission","24 hrs/day, 7 days/week","","","N"
"Palomar Medical Center - Poway","1376513754","","15615 Pomerado Rd","POWAY","SAN DIEGO","CA","92064","(858) 613-4000","","","","NEIGHBORHOOD HEALTHCARE - TEMECULA","","The Joint Commission","24 hrs/day, 7 days/week","","","N"
"Palomar Medical Center - Poway","1376513754","","15615 Pomerado Rd","POWAY","SAN DIEGO","CA","92064","(858) 613-4000","","","","NEIGHBORHOOD HEALTHCARE - VALLEY CENTER","","The Joint Commission","24 hrs/day, 7 days/week","","","N"
"Palomar Medical Center - Poway","1376513754","","15615 Pomerado Rd","POWAY","SAN DIEGO","CA","92064","(858) 613-4000","","","","NEIGHBORHOOD HEALTHCARE - VALLEY PARKWAY","","The Joint Commission","24 hrs/day, 7 days/week","","","N"
"Palomar Medical Center - Poway","1376513754","","15615 Pomerado Rd","POWAY","SAN DIEGO","CA","92064","(858) 613-4000","","","","","","The Joint Commission","24 hrs/day, 7 days/week","","","N"
"Emanate Health Queen of the Valley Hospital","1063441293","","1115 South Sunset Avenue","WEST COVINA","LOS ANGELES","CA","91790","(626) 814-2588","","","","","","The Joint Commission","24 hrs/day, 7 days/week","P, EB, IB, R, T(Self-Reported)","","N"
"Redlands Community Hospital","1043354111","","350 Terracina Blvd.","REDLANDS","SAN BERNARDINO","CA","92373","(909) 335-5500","","","","ANZA INDIAN HEALTH CLINIC","","The Joint Commission","24 hrs/day, 7 days/week","","","N"
"Redlands Community Hospital","1043354111","","350 Terracina Blvd.","REDLANDS","SAN BERNARDINO","CA","92373","(909) 335-5500","","","","BARSTOW INDIAN HEALTH CLINIC","","The Joint Commission","24 hrs/day, 7 days/week","","","N"
"Redlands Community Hospital","1043354111","","350 Terracina Blvd.","REDLANDS","SAN BERNARDINO","CA","92373","(909) 335-5500","","","","MORONGO INDIAN HEALTH CLINIC","","The Joint Commission","24 hrs/day, 7 days/week","","","N"
"Redlands Community Hospital","1043354111","","350 Terracina Blvd.","REDLANDS","SAN BERNARDINO","CA","92373","(909) 335-5500","","","","OPTUM - BANNING","","The Joint Commission","24 hrs/day, 7 days/week","","","N"
"Redlands Community Hospital","1043354111","","350 Terracina Blvd.","REDLANDS","SAN BERNARDINO","CA","92373","(909) 335-5500","","","","OPTUM - BEAVER MG","","The Joint Commission","24 hrs/day, 7 days/week","","","N"
"Redlands Community Hospital","1043354111","","350 Terracina Blvd.","REDLANDS","SAN BERNARDINO","CA","92373","(909) 335-5500","","","","OPTUM - COLTON COOLEY","","The Joint Commission","24 hrs/day, 7 days/week","","","N"
"Redlands Community Hospital","1043354111","","350 Terracina Blvd.","REDLANDS","SAN BERNARDINO","CA","92373","(909) 335-5500","","","","OPTUM - HIGHLAND BOULDER","","The Joint Commission","24 hrs/day, 7 days/week","","","N"
"Redlands Community Hospital","1043354111","","350 Terracina Blvd.","REDLANDS","SAN BERNARDINO","CA","92373","(909) 335-5500","","","","OPTUM - PINNACLE MG","","The Joint Commission","24 hrs/day, 7 days/week","","","N"
"Redlands Community Hospital","1043354111","","350 Terracina Blvd.","REDLANDS","SAN BERNARDINO","CA","92373","(909) 335-5500","","","","OPTUM - REDLANDS CITRUS","","The Joint Commission","24 hrs/day, 7 days/week","","","N"
"Redlands Community Hospital","1043354111","","350 Terracina Blvd.","REDLANDS","SAN BERNARDINO","CA","92373","(909) 335-5500","","","","OPTUM - YUCAIPA WEST","","The Joint Commission","24 hrs/day, 7 days/week","","","N"
"Redlands Community Hospital","1043354111","","350 Terracina Blvd.","REDLANDS","SAN BERNARDINO","CA","92373","(909) 335-5500","","","","PECHANGA INDIAN HEALTH CLINIC","","The Joint Commission","24 hrs/day, 7 days/week","","","N"
"Redlands Community Hospital","1043354111","","350 Terracina Blvd.","REDLANDS","SAN BERNARDINO","CA","92373","(909) 335-5500","","","","RI/SB INDIAN HEALTH INC.","","The Joint Commission","24 hrs/day, 7 days/week","","","N"
"Redlands Community Hospital","1043354111","","350 Terracina Blvd.","REDLANDS","SAN BERNARDINO","CA","92373","(909) 335-5500","","","","SANTA ROSA INDIAN HEALTH CLINIC","","The Joint Commission","24 hrs/day, 7 days/week","","","N"
"Redlands Community Hospital","1043354111","","350 Terracina Blvd.","REDLANDS","SAN BERNARDINO","CA","92373","(909) 335-5500","","","","SOBOBA INDIAN HEALTH CLINIC","","The Joint Commission","24 hrs/day, 7 days/week","","","N"
"Redlands Community Hospital","1043354111","","350 Terracina Blvd.","REDLANDS","SAN BERNARDINO","CA","92373","(909) 335-5500","","","","TORRES MARTINEZ INDIAN HEALTH CLINIC","","The Joint Commission","24 hrs/day, 7 days/week","","","N"
"Redlands Community Hospital","1043354111","","350 Terracina Blvd.","REDLANDS","SAN BERNARDINO","CA","92373","(909) 335-5500","","","","","","The Joint Commission","24 hrs/day, 7 days/week","","","N"
"Sutter Roseville Medical Center","1356390264","","1 Medical Plaza","ROSEVILLE","PLACER","CA","95661","(916) 781-1000","","","","","","The Joint Commission","24 hrs/day, 7 days/week","","","N"
"Saddleback Memorial Medical Center","1275576381","","24451 Health Center Dr.","LAGUNA HILLS","ORANGE","CA","92653","(949) 837-4500","","","","MEMORIALCARE MEDICAL GROUP - IRVINE - CULVER","","The Joint Commission","24 hrs/day, 7 days/week","P, EB, IB, R, T(Self-Reported)","","N"
"Saddleback Memorial Medical Center","1275576381","","24451 Health Center Dr.","LAGUNA HILLS","ORANGE","CA","92653","(949) 837-4500","","","","MEMORIALCARE MEDICAL GROUP - RANCHO MISSION VIEJO","","The Joint Commission","24 hrs/day, 7 days/week","P, EB, IB, R, T(Self-Reported)","","N"
"Saddleback Memorial Medical Center","1275576381","","24451 Health Center Dr.","LAGUNA HILLS","ORANGE","CA","92653","(949) 837-4500","","","","MemorialCare Medical Group - Anaheim","","The Joint Commission","24 hrs/day, 7 days/week","P, EB, IB, R, T(Self-Reported)","","N"
"Saddleback Memorial Medical Center","1275576381","","24451 Health Center Dr.","LAGUNA HILLS","ORANGE","CA","92653","(949) 837-4500","","","","MemorialCare Medical Group - Costa Mesa","","The Joint Commission","24 hrs/day, 7 days/week","P, EB, IB, R, T(Self-Reported)","","N"
"Saddleback Memorial Medical Center","1275576381","","24451 Health Center Dr.","LAGUNA HILLS","ORANGE","CA","92653","(949) 837-4500","","","","MemorialCare Medical Group - Dana Point","","The Joint Commission","24 hrs/day, 7 days/week","P, EB, IB, R, T(Self-Reported)","","N"
"Saddleback Memorial Medical Center","1275576381","","24451 Health Center Dr.","LAGUNA HILLS","ORANGE","CA","92653","(949) 837-4500","","","","MemorialCare Medical Group - Fountain Valley","","The Joint Commission","24 hrs/day, 7 days/week","P, EB, IB, R, T(Self-Reported)","","N"
"Saddleback Memorial Medical Center","1275576381","","24451 Health Center Dr.","LAGUNA HILLS","ORANGE","CA","92653","(949) 837-4500","","","","MemorialCare Medical Group - Huntington Beach","","The Joint Commission","24 hrs/day, 7 days/week","P, EB, IB, R, T(Self-Reported)","","N"
"Saddleback Memorial Medical Center","1275576381","","24451 Health Center Dr.","LAGUNA HILLS","ORANGE","CA","92653","(949) 837-4500","","","","MemorialCare Medical Group - Irvine","","The Joint Commission","24 hrs/day, 7 days/week","P, EB, IB, R, T(Self-Reported)","","N"
"Saddleback Memorial Medical Center","1275576381","","24451 Health Center Dr.","LAGUNA HILLS","ORANGE","CA","92653","(949) 837-4500","","","","MemorialCare Medical Group - LB / Bellflower","","The Joint Commission","24 hrs/day, 7 days/week","P, EB, IB, R, T(Self-Reported)","","N"
"Saddleback Memorial Medical Center","1275576381","","24451 Health Center Dr.","LAGUNA HILLS","ORANGE","CA","92653","(949) 837-4500","","","","MemorialCare Medical Group - Mission Viejo, Madero Road","","The Joint Commission","24 hrs/day, 7 days/week","P, EB, IB, R, T(Self-Reported)","","N"
"Saddleback Memorial Medical Center","1275576381","","24451 Health Center Dr.","LAGUNA HILLS","ORANGE","CA","92653","(949) 837-4500","","","","MemorialCare Medical Group - Oceanview","","The Joint Commission","24 hrs/day, 7 days/week","P, EB, IB, R, T(Self-Reported)","","N"
"Saddleback Memorial Medical Center","1275576381","","24451 Health Center Dr.","LAGUNA HILLS","ORANGE","CA","92653","(949) 837-4500","","","","MemorialCare Medical Group - San Juan Capistrano","","The Joint Commission","24 hrs/day, 7 days/week","P, EB, IB, R, T(Self-Reported)","","N"
"Saddleback Memorial Medical Center","1275576381","","24451 Health Center Dr.","LAGUNA HILLS","ORANGE","CA","92653","(949) 837-4500","","","","MemorialCare Medical Group - Santa Ana, 17th Street","","The Joint Commission","24 hrs/day, 7 days/week","P, EB, IB, R, T(Self-Reported)","","N"
"Saddleback Memorial Medical Center","1275576381","","24451 Health Center Dr.","LAGUNA HILLS","ORANGE","CA","92653","(949) 837-4500","","","","MemorialCare Medical Group - Spring","","The Joint Commission","24 hrs/day, 7 days/week","P, EB, IB, R, T(Self-Reported)","","N"
"Saddleback Memorial Medical Center","1275576381","","24451 Health Center Dr.","LAGUNA HILLS","ORANGE","CA","92653","(949) 837-4500","","","","","","The Joint Commission","24 hrs/day, 7 days/week","P, EB, IB, R, T(Self-Reported)","","N"
"San Antonio Regional Hospital","1780681189","","999 San Bernardino Rd.","UPLAND","SAN BERNARDINO","CA","91786","(909) 985-2811","","","","Chaffey Medical Group","","The Joint Commission","24 hrs/day, 7 days/week","","","N"
"San Antonio Regional Hospital","1780681189","","999 San Bernardino Rd.","UPLAND","SAN BERNARDINO","CA","91786","(909) 985-2811","","","","Fenix Health Medical Group","","The Joint Commission","24 hrs/day, 7 days/week","","","N"
"San Antonio Regional Hospital","1780681189","","999 San Bernardino Rd.","UPLAND","SAN BERNARDINO","CA","91786","(909) 985-2811","","","","","","The Joint Commission","24 hrs/day, 7 days/week","","","N"
"Community Hospital of San Bernardino","1235290818","","1805 Medical Center Drive","SAN BERNARDINO","SAN BERNARDINO","CA","92411","(909) 887-6333","","","","DIGNITY HEALTH MEDICAL NETWORK - INLAND EMPIRE","","The Joint Commission","","P, EB, IB, R, T(Self-Reported)","","N"
"Community Hospital of San Bernardino","1235290818","","1805 Medical Center Drive","SAN BERNARDINO","SAN BERNARDINO","CA","92411","(909) 887-6333","","","","","","The Joint Commission","","P, EB, IB, R, T(Self-Reported)","","N"
"San Gorgonio Memorial Hospital","1568469997","","600 North Highland Springs Avenue","BANNING","RIVERSIDE","CA","92220","(951) 845-1121","","","","INLAND BEHAVIORAL HEALTH SERVICES, INC.","","Center of Improvement Healthcare Quality","24 hrs/day, 7 days/week","P, EB, IB, R, T(Self-Reported)","","N"
"San Gorgonio Memorial Hospital","1568469997","","600 North Highland Springs Avenue","BANNING","RIVERSIDE","CA","92220","(951) 845-1121","","","","OPTUM - BANNING","","Center of Improvement Healthcare Quality","24 hrs/day, 7 days/week","P, EB, IB, R, T(Self-Reported)","","N"
"San Gorgonio Memorial Hospital","1568469997","","600 North Highland Springs Avenue","BANNING","RIVERSIDE","CA","92220","(951) 845-1121","","","","OPTUM - BEAVER MG","","Center of Improvement Healthcare Quality","24 hrs/day, 7 days/week","P, EB, IB, R, T(Self-Reported)","","N"
"San Gorgonio Memorial Hospital","1568469997","","600 North Highland Springs Avenue","BANNING","RIVERSIDE","CA","92220","(951) 845-1121","","","","OPTUM - COLTON COOLEY","","Center of Improvement Healthcare Quality","24 hrs/day, 7 days/week","P, EB, IB, R, T(Self-Reported)","","N"
"San Gorgonio Memorial Hospital","1568469997","","600 North Highland Springs Avenue","BANNING","RIVERSIDE","CA","92220","(951) 845-1121","","","","OPTUM - HIGHLAND BOULDER","","Center of Improvement Healthcare Quality","24 hrs/day, 7 days/week","P, EB, IB, R, T(Self-Reported)","","N"
"San Gorgonio Memorial Hospital","1568469997","","600 North Highland Springs Avenue","BANNING","RIVERSIDE","CA","92220","(951) 845-1121","","","","OPTUM - REDLANDS CITRUS","","Center of Improvement Healthcare Quality","24 hrs/day, 7 days/week","P, EB, IB, R, T(Self-Reported)","","N"
"San Gorgonio Memorial Hospital","1568469997","","600 North Highland Springs Avenue","BANNING","RIVERSIDE","CA","92220","(951) 845-1121","","","","OPTUM - YUCAIPA WEST","","Center of Improvement Healthcare Quality","24 hrs/day, 7 days/week","P, EB, IB, R, T(Self-Reported)","","N"
"San Gorgonio Memorial Hospital","1568469997","","600 North Highland Springs Avenue","BANNING","RIVERSIDE","CA","92220","(951) 845-1121","","","","","","Center of Improvement Healthcare Quality","24 hrs/day, 7 days/week","P, EB, IB, R, T(Self-Reported)","","N"
"Providence Little Company of Mary Medical Center San Pedro","1942247291","","1300 W. Seventh St.","SAN PEDRO","LOS ANGELES","CA","90732","(310) 832-3311","","","","","","The Joint Commission","24 hrs/day, 7 days/week","P, EB, IB, R(Self-Reported)","","N"
"Scripps Memorial Hospital - La Jolla","1841277704","","9888 Genesee Ave.","LA JOLLA","SAN DIEGO","CA","92037","(858) 626-4123","","","","SCRIPPS CLINIC MEDICAL GROUP - DIRECT NETWORK","","The Joint Commission","24 hrs/day, 7 days/week","P, EB, IB, R, T(Self-Reported)","","Y"
"Scripps Memorial Hospital - La Jolla","1841277704","","9888 Genesee Ave.","LA JOLLA","SAN DIEGO","CA","92037","(858) 626-4123","","","","SCRIPPS COASTAL MEDICAL CENTER - DIRECT NETWORK","","The Joint Commission","24 hrs/day, 7 days/week","P, EB, IB, R, T(Self-Reported)","","Y"
"Scripps Memorial Hospital - La Jolla","1841277704","","9888 Genesee Ave.","LA JOLLA","SAN DIEGO","CA","92037","(858) 626-4123","","","","","","The Joint Commission","24 hrs/day, 7 days/week","P, EB, IB, R, T(Self-Reported)","","Y"
"Sherman Oaks Hospital","1750491247","","4929 Van Nuys Blvd.","SHERMAN OAKS","LOS ANGELES","CA","91403","(818) 981-7111, (818) 981-7111","","","","","","Healthcare Facilities Accreditation Program, The Joint Commission","24 hrs/day, 7 days/week","","","N"
"St. Bernardine Medical Center","1689769911","","2101 North Waterman Ave","SAN BERNARDINO","SAN BERNARDINO","CA","92404","(909) 883-8711","","","","DIGNITY HEALTH MEDICAL NETWORK - INLAND EMPIRE","","The Joint Commission","24 hrs/day, 7 days/week","","","N"
"St. Bernardine Medical Center","1689769911","","2101 North Waterman Ave","SAN BERNARDINO","SAN BERNARDINO","CA","92404","(909) 883-8711","","","","INLAND BEHAVIORAL HEALTH SERVICES, INC.","","The Joint Commission","24 hrs/day, 7 days/week","","","N"
"St. Bernardine Medical Center","1689769911","","2101 North Waterman Ave","SAN BERNARDINO","SAN BERNARDINO","CA","92404","(909) 883-8711","","","","OPTUM - PINNACLE MG","","The Joint Commission","24 hrs/day, 7 days/week","","","N"
"St. Bernardine Medical Center","1689769911","","2101 North Waterman Ave","SAN BERNARDINO","SAN BERNARDINO","CA","92404","(909) 883-8711","","","","","","The Joint Commission","24 hrs/day, 7 days/week","","","N"
"Providence Saint Joseph Medical Center","1336173269","","501 S. Buena Vista St.","BURBANK","LOS ANGELES","CA","91505","(818) 843-5111","","","","Buena Vista Anesthesia Medical Group","","The Joint Commission","24 hours per day/7 days per week","P, EB, IB, R(Self-Reported)","","N"
"Providence Saint Joseph Medical Center","1336173269","","501 S. Buena Vista St.","BURBANK","LOS ANGELES","CA","91505","(818) 843-5111","","","","PROVIDENCE FACEY MEDICAL FOUNDATION - BURBANK","","The Joint Commission","24 hours per day/7 days per week","P, EB, IB, R(Self-Reported)","","N"
"Providence Saint Joseph Medical Center","1336173269","","501 S. Buena Vista St.","BURBANK","LOS ANGELES","CA","91505","(818) 843-5111","","","","","","The Joint Commission","24 hours per day/7 days per week","P, EB, IB, R(Self-Reported)","","N"
"Sutter Davis Hospital","1770532608","","2000 Sutter Pl.","DAVIS","YOLO","CA","95616","(530) 756-6440","","","","Woodland Clinic - Davis","","The Joint Commission","","","","N"
"Sutter Davis Hospital","1770532608","","2000 Sutter Pl.","DAVIS","YOLO","CA","95616","(530) 756-6440","","","","","","The Joint Commission","","","","N"
"Sutter Medical Center, Sacramento","1811946734","","2825 Capitol Ave.","SACRAMENTO","SACRAMENTO","CA","95816","(916) 887-0000","","","","","","None","24 hrs/day, 7 days/week","","","N"
"Providence Cedars-Sinai Tarzana Medical Center","1821250762","","18321 Clark St.","TARZANA","LOS ANGELES","CA","91356","(818) 881-0800","","","","PROVIDENCE FACEY MEDICAL FOUNDATION - TARZANA II","","The Joint Commission","24 hrs/day, 7 days/week","P, EB, IB, R(Self-Reported)","","N"
"Providence Cedars-Sinai Tarzana Medical Center","1821250762","","18321 Clark St.","TARZANA","LOS ANGELES","CA","91356","(818) 881-0800","","","","","","The Joint Commission","24 hrs/day, 7 days/week","P, EB, IB, R(Self-Reported)","","N"
"UC Davis Medical Center","1710918545","","2315 Stockton Blvd","SACRAMENTO","SACRAMENTO","CA","95817","(916) 734-2011","","","","UC Davis Medical Group","","The Joint Commission","","P, EB, IB, R, T(Self-Reported)","","N"
"UC Davis Medical Center","1710918545","","2315 Stockton Blvd","SACRAMENTO","SACRAMENTO","CA","95817","(916) 734-2011","","","","","","The Joint Commission","","P, EB, IB, R, T(Self-Reported)","","N"
"UCSD Medical Center - Hillcrest","1184722779","","200 W Arbor Dr","SAN DIEGO","SAN DIEGO","CA","92103","(619) 543-6222","","","","SYHC - CARE VIEW MEDICAL","","The Joint Commission","24 hrs/day, 7 days/week","P, EB, IB, R, T(Self-Reported)","","Y"
"UCSD Medical Center - Hillcrest","1184722779","","200 W Arbor Dr","SAN DIEGO","SAN DIEGO","CA","92103","(619) 543-6222","","","","UCSD HEALTH - BANKERS HILL","","The Joint Commission","24 hrs/day, 7 days/week","P, EB, IB, R, T(Self-Reported)","","Y"
"UCSD Medical Center - Hillcrest","1184722779","","200 W Arbor Dr","SAN DIEGO","SAN DIEGO","CA","92103","(619) 543-6222","","","","UCSD HEALTH - EASTLAKE","","The Joint Commission","24 hrs/day, 7 days/week","P, EB, IB, R, T(Self-Reported)","","Y"
"UCSD Medical Center - Hillcrest","1184722779","","200 W Arbor Dr","SAN DIEGO","SAN DIEGO","CA","92103","(619) 543-6222","","","","UCSD HEALTH - ENCINITAS BLVD, ENCINITAS","","The Joint Commission","24 hrs/day, 7 days/week","P, EB, IB, R, T(Self-Reported)","","Y"
"UCSD Medical Center - Hillcrest","1184722779","","200 W Arbor Dr","SAN DIEGO","SAN DIEGO","CA","92103","(619) 543-6222","","","","UCSD HEALTH - GENESEE AVENUE, LA JOLLA","","The Joint Commission","24 hrs/day, 7 days/week","P, EB, IB, R, T(Self-Reported)","","Y"
"UCSD Medical Center - Hillcrest","1184722779","","200 W Arbor Dr","SAN DIEGO","SAN DIEGO","CA","92103","(619) 543-6222","","","","UCSD HEALTH - HILLCREST 4TH & LEWIS","","The Joint Commission","24 hrs/day, 7 days/week","P, EB, IB, R, T(Self-Reported)","","Y"
"UCSD Medical Center - Hillcrest","1184722779","","200 W Arbor Dr","SAN DIEGO","SAN DIEGO","CA","92103","(619) 543-6222","","","","UCSD HEALTH - KEARNY MESA","","The Joint Commission","24 hrs/day, 7 days/week","P, EB, IB, R, T(Self-Reported)","","Y"
"UCSD Medical Center - Hillcrest","1184722779","","200 W Arbor Dr","SAN DIEGO","SAN DIEGO","CA","92103","(619) 543-6222","","","","UCSD HEALTH - MIRA MESA","","The Joint Commission","24 hrs/day, 7 days/week","P, EB, IB, R, T(Self-Reported)","","Y"
"UCSD Medical Center - Hillcrest","1184722779","","200 W Arbor Dr","SAN DIEGO","SAN DIEGO","CA","92103","(619) 543-6222","","","","UCSD HEALTH - ONE MEDICAL DOWNTOWN SD","","The Joint Commission","24 hrs/day, 7 days/week","P, EB, IB, R, T(Self-Reported)","","Y"
"UCSD Medical Center - Hillcrest","1184722779","","200 W Arbor Dr","SAN DIEGO","SAN DIEGO","CA","92103","(619) 543-6222","","","","UCSD HEALTH - ONE MEDICAL LA JOLLA AT UTC","","The Joint Commission","24 hrs/day, 7 days/week","P, EB, IB, R, T(Self-Reported)","","Y"
"UCSD Medical Center - Hillcrest","1184722779","","200 W Arbor Dr","SAN DIEGO","SAN DIEGO","CA","92103","(619) 543-6222","","","","UCSD HEALTH - OWEN CLINIC","","The Joint Commission","24 hrs/day, 7 days/week","P, EB, IB, R, T(Self-Reported)","","Y"
"UCSD Medical Center - Hillcrest","1184722779","","200 W Arbor Dr","SAN DIEGO","SAN DIEGO","CA","92103","(619) 543-6222","","","","UCSD HEALTH - PACIFIC HIGHLANDS RANCH","","The Joint Commission","24 hrs/day, 7 days/week","P, EB, IB, R, T(Self-Reported)","","Y"
"UCSD Medical Center - Hillcrest","1184722779","","200 W Arbor Dr","SAN DIEGO","SAN DIEGO","CA","92103","(619) 543-6222","","","","UCSD HEALTH - RANCHO BERNARDO","","The Joint Commission","24 hrs/day, 7 days/week","P, EB, IB, R, T(Self-Reported)","","Y"
"UCSD Medical Center - Hillcrest","1184722779","","200 W Arbor Dr","SAN DIEGO","SAN DIEGO","CA","92103","(619) 543-6222","","","","UCSD HEALTH - UNIVERSITY CENTER, LA JOLLA","","The Joint Commission","24 hrs/day, 7 days/week","P, EB, IB, R, T(Self-Reported)","","Y"
"UCSD Medical Center - Hillcrest","1184722779","","200 W Arbor Dr","SAN DIEGO","SAN DIEGO","CA","92103","(619) 543-6222","","","","UCSD HEALTH - VISTA","","The Joint Commission","24 hrs/day, 7 days/week","P, EB, IB, R, T(Self-Reported)","","Y"
"UCSD Medical Center - Hillcrest","1184722779","","200 W Arbor Dr","SAN DIEGO","SAN DIEGO","CA","92103","(619) 543-6222","","","","UCSD MEDICAL GROUP","","The Joint Commission","24 hrs/day, 7 days/week","P, EB, IB, R, T(Self-Reported)","","Y"
"UCSD Medical Center - Hillcrest","1184722779","","200 W Arbor Dr","SAN DIEGO","SAN DIEGO","CA","92103","(619) 543-6222","","","","","","The Joint Commission","24 hrs/day, 7 days/week","P, EB, IB, R, T(Self-Reported)","","Y"
"Valley Presbyterian Hospital","1578529285","","15107 Vanowen Street","VAN NUYS","LOS ANGELES","CA","91405","(818) 782-6600","","","","","","Healthcare Inc DNV","24 hrs/day, 7 days/week","","","N"
"USC Verdugo Hills Hospital LLC","1487251401","","1812 Verdugo Blvd.","GLENDALE","LOS ANGELES","CA","91208","(818) 952-2287","","","","USC Care Medical Group","","Healthcare Inc DNV","24 hrs/day, 7 days/week","","","N"
"USC Verdugo Hills Hospital LLC","1487251401","","1812 Verdugo Blvd.","GLENDALE","LOS ANGELES","CA","91208","(818) 952-2287","","","","","","Healthcare Inc DNV","24 hrs/day, 7 days/week","","","N"
"Victor Valley Global Medical Center","1679879589","","15248 11th St","VICTORVILLE","SAN BERNARDINO","CA","92395","(760) 245-8691","","","","","","Healthcare Facilities Accreditation Program","24 hrs/day, 7 days/week","P, EB, IB, R, T(Self-Reported)","","N"
"Anaheim Global Medical Center","1790778488","","1025 South Anaheim Blvd.","ANAHEIM","ORANGE","CA","92805","(714) 533-6220","","","","","","The Joint Commission","24 hrs/day, 7 days/week","P, EB, IB, R, T(Self-Reported)","","Y"
"Whittier Hospital Medical Center","1023000569","","9080 Colima Road","WHITTIER","LOS ANGELES","CA","90605","(562) 945-3561","","","","","","The Joint Commission","24 hrs/day, 7 days/week","","","N"
"Woodland Memorial Hospital","1922116037","","1325 Cottonwood Street","WOODLAND","YOLO","CA","95695","(530) 668-1400","","","","Woodland Clinic - Davis","","The Joint Commission","24 hrs/day, 7 days/week","","","N"
"Woodland Memorial Hospital","1922116037","","1325 Cottonwood Street","WOODLAND","YOLO","CA","95695","(530) 668-1400","","","","Woodland Clinic Medical Group","","The Joint Commission","24 hrs/day, 7 days/week","","","N"
"Woodland Memorial Hospital","1922116037","","1325 Cottonwood Street","WOODLAND","YOLO","CA","95695","(530) 668-1400","","","","","","The Joint Commission","24 hrs/day, 7 days/week","","","N"
"San Dimas Community Hospital","1740447945","","1350 W Covina Blvd","SAN DIMAS","LOS ANGELES","CA","91773","(909) 599-6811","","","","","","The Joint Commission","24 hrs/day, 7 days/week","P, EB, IB, R(Self-Reported)","","N"
"Antelope Valley Hospital","1366419517","","1600 West Avenue J","LANCASTER","LOS ANGELES","CA","93534","(661) 949-5000","","","","","","The Joint Commission","24 hrs/day, 7 days/week","","","N"
"Community Hospital of Huntington Park Management LLC","1891059127","","2623 E. Slauson Ave.","HUNTINGTON PARK","LOS ANGELES","CA","90255","(323) 583-1931","","","","","","Healthcare Facilities Accreditation Program","24 hrs/day, 7 days/week","P, EB, IB, R(Self-Reported)","","N"
"Hollywood Presbyterian Medical Center","1922033547","","1300 N Vermont Ave","LOS ANGELES","LOS ANGELES","CA","90027","(323) 913-4800","","","","","","The Joint Commission","24 hrs/day, 7 days/week","","","N"
"San Gabriel Valley Medical Center","1275720377","","438 West Las Tunas Drive","SAN GABRIEL","LOS ANGELES","CA","91776","(626) 289-5454","","","","","","The Joint Commission","24 hrs/day, 7 days/week","","","N"
"Scripps Mercy Hospital","1659359446","","4077 Fifth Ave.","SAN DIEGO","SAN DIEGO","CA","92103","(619) 294-8111","","","","La Maestra Family Clinic - City Heights","","The Joint Commission","24 hrs/day, 7 days/week","","","N"
"Scripps Mercy Hospital","1659359446","","4077 Fifth Ave.","SAN DIEGO","SAN DIEGO","CA","92103","(619) 294-8111","","","","La Maestra Medical Clinic - Broadway","","The Joint Commission","24 hrs/day, 7 days/week","","","N"
"Scripps Mercy Hospital","1659359446","","4077 Fifth Ave.","SAN DIEGO","SAN DIEGO","CA","92103","(619) 294-8111","","","","La Maestra Medical Clinic - First Street","","The Joint Commission","24 hrs/day, 7 days/week","","","N"
"Scripps Mercy Hospital","1659359446","","4077 Fifth Ave.","SAN DIEGO","SAN DIEGO","CA","92103","(619) 294-8111","","","","La Maestra Medical Clinic - National City","","The Joint Commission","24 hrs/day, 7 days/week","","","N"
"Scripps Mercy Hospital","1659359446","","4077 Fifth Ave.","SAN DIEGO","SAN DIEGO","CA","92103","(619) 294-8111","","","","SCRIPPS CLINIC MEDICAL GROUP - DIRECT NETWORK","","The Joint Commission","24 hrs/day, 7 days/week","","","N"
"Scripps Mercy Hospital","1659359446","","4077 Fifth Ave.","SAN DIEGO","SAN DIEGO","CA","92103","(619) 294-8111","","","","SCRIPPS COASTAL MEDICAL CENTER - DIRECT NETWORK","","The Joint Commission","24 hrs/day, 7 days/week","","","N"
"Scripps Mercy Hospital","1659359446","","4077 Fifth Ave.","SAN DIEGO","SAN DIEGO","CA","92103","(619) 294-8111","","","","SYHC - CARE VIEW MEDICAL","","The Joint Commission","24 hrs/day, 7 days/week","","","N"
"Scripps Mercy Hospital","1659359446","","4077 Fifth Ave.","SAN DIEGO","SAN DIEGO","CA","92103","(619) 294-8111","","","","SYHC - COMMUNITY HEIGHTS FAMILY MEDICINE","","The Joint Commission","24 hrs/day, 7 days/week","","","N"
"Scripps Mercy Hospital","1659359446","","4077 Fifth Ave.","SAN DIEGO","SAN DIEGO","CA","92103","(619) 294-8111","","","","SYHC - MOUNTAIN HEALTH FAMILY MEDICINE","","The Joint Commission","24 hrs/day, 7 days/week","","","N"
"Scripps Mercy Hospital","1659359446","","4077 Fifth Ave.","SAN DIEGO","SAN DIEGO","CA","92103","(619) 294-8111","","","","","","The Joint Commission","24 hrs/day, 7 days/week","","","N"
"Scripps Memorial Hospital - Encinitas","1700829199","","354 Santa Fe Dr.","ENCINITAS","SAN DIEGO","CA","92024","(760) 633-6501","","","","SCRIPPS CLINIC MEDICAL GROUP - DIRECT NETWORK","","The Joint Commission","24 hrs/day, 7 days/week","P, IB(Verified)","","N"
"Scripps Memorial Hospital - Encinitas","1700829199","","354 Santa Fe Dr.","ENCINITAS","SAN DIEGO","CA","92024","(760) 633-6501","","","","SCRIPPS COASTAL MEDICAL CENTER - DIRECT NETWORK","","The Joint Commission","24 hrs/day, 7 days/week","P, IB(Verified)","","N"
"Scripps Memorial Hospital - Encinitas","1700829199","","354 Santa Fe Dr.","ENCINITAS","SAN DIEGO","CA","92024","(760) 633-6501","","","","Scripps Cardiovascular and Thoracic Surgery Center","","The Joint Commission","24 hrs/day, 7 days/week","P, IB(Verified)","","N"
"Scripps Memorial Hospital - Encinitas","1700829199","","354 Santa Fe Dr.","ENCINITAS","SAN DIEGO","CA","92024","(760) 633-6501","","","","","","The Joint Commission","24 hrs/day, 7 days/week","P, IB(Verified)","","N"
"Keck Hospital of USC","1013514199","","1500 San Pablo Street","LOS ANGELES","LOS ANGELES","CA","90033","(323) 442-8500, (323) 442-8618","","","","USC Care Medical Group","","The Joint Commission","Mon, Tue , Thu & Fri 8:00 a.m. - 5:00 p.m.Wed 7:00 a.m. - 5:00 p.m.","","","N"
"Keck Hospital of USC","1013514199","","1500 San Pablo Street","LOS ANGELES","LOS ANGELES","CA","90033","(323) 442-8500, (323) 442-8618","","","","","","The Joint Commission","Mon, Tue , Thu & Fri 8:00 a.m. - 5:00 p.m.Wed 7:00 a.m. - 5:00 p.m.","","","N"
"West Anaheim Medical Center","1871501916","","3033 West Orange Ave.","ANAHEIM","ORANGE","CA","92804","(714) 827-3000","","","","","","The Joint Commission","24 hrs/day, 7 days/week","P, R(Self-Reported)","","N"
"Coast Plaza Hospital","1194016923","","13100 Studebaker Rd.","NORWALK","LOS ANGELES","CA","90650","(562) 868-3751","","","","","","The Joint Commission","","P, EB, IB, R(Self-Reported)","","N"
"Corona Regional Medical Center","1457347239","","800 South Main Street","CORONA","RIVERSIDE","CA","92882","(951) 737-4343","Mark.Uffer@uhsinc.com","","","","","The Joint Commission","24 hrs/day, 7 days/week","P, EB, IB, R, E, T(Self-Reported)","","N"
"Huntington Beach Hospital","1083622120","","17772 Beach Blvd","HUNTINGTON BEACH","ORANGE","CA","92647","(714) 843-5000","","","","HMH Emergency Medical Group, Inc.","","The Joint Commission","24 hrs/day, 7 days/week","P, EB, IB, R, T(Self-Reported)","","Y"
"Huntington Beach Hospital","1083622120","","17772 Beach Blvd","HUNTINGTON BEACH","ORANGE","CA","92647","(714) 843-5000","","","","","","The Joint Commission","24 hrs/day, 7 days/week","P, EB, IB, R, T(Self-Reported)","","Y"
"St. Mary Medical Center","1194840421","","1050 Linden Avenue","LONG BEACH","LOS ANGELES","CA","90813","(562) 491-9000","","","","","","The Joint Commission","24 hrs/day, 7 days/week","","","N"
"Scripps Mercy Hospital - Chula Vista","1659359446","","435 H St.","CHULA VISTA","SAN DIEGO","CA","91910","(619) 691-7000","","","","SCRIPPS CLINIC MEDICAL GROUP - DIRECT NETWORK","","The Joint Commission","24 hrs/day, 7 days/week","P, IB(Verified)","","N"
"Scripps Mercy Hospital - Chula Vista","1659359446","","435 H St.","CHULA VISTA","SAN DIEGO","CA","91910","(619) 691-7000","","","","SCRIPPS COASTAL MEDICAL CENTER - DIRECT NETWORK","","The Joint Commission","24 hrs/day, 7 days/week","P, IB(Verified)","","N"
"Scripps Mercy Hospital - Chula Vista","1659359446","","435 H St.","CHULA VISTA","SAN DIEGO","CA","91910","(619) 691-7000","","","","SYHC - South Bay Family Health & Dental Center","","The Joint Commission","24 hrs/day, 7 days/week","P, IB(Verified)","","N"
"Scripps Mercy Hospital - Chula Vista","1659359446","","435 H St.","CHULA VISTA","SAN DIEGO","CA","91910","(619) 691-7000","","","","","","The Joint Commission","24 hrs/day, 7 days/week","P, IB(Verified)","","N"
"Orange County Global Medical Center","1982697678","","1001 North Tustin Ave.","SANTA ANA","ORANGE","CA","92705","(714) 953-3500","","","","","","The Joint Commission","24 hrs/day, 7 days/week","","","N"
"UCSD Thornton Hospital","1376641969","","9300 Campus Point Dr","LA JOLLA","SAN DIEGO","CA","92037","(858) 657-7000","","","","UCSD HEALTH - BANKERS HILL","","The Joint Commission","","P, EB, IB, R, T(Self-Reported)","","Y"
"UCSD Thornton Hospital","1376641969","","9300 Campus Point Dr","LA JOLLA","SAN DIEGO","CA","92037","(858) 657-7000","","","","UCSD HEALTH - EASTLAKE","","The Joint Commission","","P, EB, IB, R, T(Self-Reported)","","Y"
"UCSD Thornton Hospital","1376641969","","9300 Campus Point Dr","LA JOLLA","SAN DIEGO","CA","92037","(858) 657-7000","","","","UCSD HEALTH - GENESEE AVENUE, LA JOLLA","","The Joint Commission","","P, EB, IB, R, T(Self-Reported)","","Y"
"UCSD Thornton Hospital","1376641969","","9300 Campus Point Dr","LA JOLLA","SAN DIEGO","CA","92037","(858) 657-7000","","","","UCSD HEALTH - HILLCREST 4TH & LEWIS","","The Joint Commission","","P, EB, IB, R, T(Self-Reported)","","Y"
"UCSD Thornton Hospital","1376641969","","9300 Campus Point Dr","LA JOLLA","SAN DIEGO","CA","92037","(858) 657-7000","","","","UCSD HEALTH - KEARNY MESA","","The Joint Commission","","P, EB, IB, R, T(Self-Reported)","","Y"
"UCSD Thornton Hospital","1376641969","","9300 Campus Point Dr","LA JOLLA","SAN DIEGO","CA","92037","(858) 657-7000","","","","UCSD HEALTH - MIRA MESA","","The Joint Commission","","P, EB, IB, R, T(Self-Reported)","","Y"
"UCSD Thornton Hospital","1376641969","","9300 Campus Point Dr","LA JOLLA","SAN DIEGO","CA","92037","(858) 657-7000","","","","UCSD HEALTH - ONE MEDICAL DOWNTOWN SD","","The Joint Commission","","P, EB, IB, R, T(Self-Reported)","","Y"
"UCSD Thornton Hospital","1376641969","","9300 Campus Point Dr","LA JOLLA","SAN DIEGO","CA","92037","(858) 657-7000","","","","UCSD HEALTH - ONE MEDICAL LA JOLLA AT UTC","","The Joint Commission","","P, EB, IB, R, T(Self-Reported)","","Y"
"UCSD Thornton Hospital","1376641969","","9300 Campus Point Dr","LA JOLLA","SAN DIEGO","CA","92037","(858) 657-7000","","","","UCSD HEALTH - OWEN CLINIC","","The Joint Commission","","P, EB, IB, R, T(Self-Reported)","","Y"
"UCSD Thornton Hospital","1376641969","","9300 Campus Point Dr","LA JOLLA","SAN DIEGO","CA","92037","(858) 657-7000","","","","UCSD HEALTH - PACIFIC HIGHLANDS RANCH","","The Joint Commission","","P, EB, IB, R, T(Self-Reported)","","Y"
"UCSD Thornton Hospital","1376641969","","9300 Campus Point Dr","LA JOLLA","SAN DIEGO","CA","92037","(858) 657-7000","","","","UCSD HEALTH - RANCHO BERNARDO","","The Joint Commission","","P, EB, IB, R, T(Self-Reported)","","Y"
"UCSD Thornton Hospital","1376641969","","9300 Campus Point Dr","LA JOLLA","SAN DIEGO","CA","92037","(858) 657-7000","","","","UCSD HEALTH - UNIVERSITY CENTER, LA JOLLA","","The Joint Commission","","P, EB, IB, R, T(Self-Reported)","","Y"
"UCSD Thornton Hospital","1376641969","","9300 Campus Point Dr","LA JOLLA","SAN DIEGO","CA","92037","(858) 657-7000","","","","UCSD HEALTH - VISTA","","The Joint Commission","","P, EB, IB, R, T(Self-Reported)","","Y"
"UCSD Thornton Hospital","1376641969","","9300 Campus Point Dr","LA JOLLA","SAN DIEGO","CA","92037","(858) 657-7000","","","","UCSD MEDICAL GROUP","","The Joint Commission","","P, EB, IB, R, T(Self-Reported)","","Y"
"UCSD Thornton Hospital","1376641969","","9300 Campus Point Dr","LA JOLLA","SAN DIEGO","CA","92037","(858) 657-7000","","","","","","The Joint Commission","","P, EB, IB, R, T(Self-Reported)","","Y"
"Casa Colina Hospital and Centers for Healthcare","1952777245","","255 E Bonita Ave","POMONA","LOS ANGELES","CA","91767","(909) 596-7733","","","","","","The Joint Commission","24 hrs/day, 7 days/week","","","N"
"Martin Luther King Jr. Community Hospital","1114367497","","1680 East 120Th Street","LOS ANGELES","LOS ANGELES","CA","90059","(424) 338-8000","","","","MARTIN LUTHER KING JR. COMMUNITY MEDICAL GROUP - ROSECRANS","","The Joint Commission","24 hrs/day, 7 days/week","P, EB, IB, R, T(Self-Reported)","Cambodian,Khmer, Spanish, Tagalog, Vietnamese","Y"
"Martin Luther King Jr. Community Hospital","1114367497","","1680 East 120Th Street","LOS ANGELES","LOS ANGELES","CA","90059","(424) 338-8000","","","","","","The Joint Commission","24 hrs/day, 7 days/week","P, EB, IB, R, T(Self-Reported)","Cambodian,Khmer, Spanish, Tagalog, Vietnamese","Y"
"Desert Valley Hospital","1851396576","","16850 Bear Valley Road","VICTORVILLE","SAN BERNARDINO","CA","92392","(760) 241-8000","","","","Desert Valley Medical Group, Inc.","","Healthcare Facilities Accreditation Program","24 hrs/day, 7 days/week","","","N"
"Desert Valley Hospital","1851396576","","16850 Bear Valley Road","VICTORVILLE","SAN BERNARDINO","CA","92392","(760) 241-8000","","","","","","Healthcare Facilities Accreditation Program","24 hrs/day, 7 days/week","","","N"
"Sutter Center for Psychiatry (Inpatient)","1952350944","","7700 Folsom Blvd.","SACRAMENTO","SACRAMENTO","CA","95826","(916) 386-3000","","","","","","The Joint Commission","Mon, Tue , Thu & Fri 8:00 a.m. - 5:00 p.m.Wed 7:00 a.m. - 5:00 p.m.","","","N"
"Orange Coast Memorial Medical Center","1497702575","","9920 Talbert Ave","FOUNTAIN VALLEY","ORANGE","CA","92708","(714) 378-7000","","","","MEMORIALCARE MEDICAL GROUP - TUSTIN","","The Joint Commission","24 hrs/day, 7 days/week","P, EB, IB, R, T(Self-Reported)","","N"
"Orange Coast Memorial Medical Center","1497702575","","9920 Talbert Ave","FOUNTAIN VALLEY","ORANGE","CA","92708","(714) 378-7000","","","","MemorialCare Medical Group - Anaheim","","The Joint Commission","24 hrs/day, 7 days/week","P, EB, IB, R, T(Self-Reported)","","N"
"Orange Coast Memorial Medical Center","1497702575","","9920 Talbert Ave","FOUNTAIN VALLEY","ORANGE","CA","92708","(714) 378-7000","","","","MemorialCare Medical Group - Costa Mesa","","The Joint Commission","24 hrs/day, 7 days/week","P, EB, IB, R, T(Self-Reported)","","N"
"Orange Coast Memorial Medical Center","1497702575","","9920 Talbert Ave","FOUNTAIN VALLEY","ORANGE","CA","92708","(714) 378-7000","","","","MemorialCare Medical Group - Dana Point","","The Joint Commission","24 hrs/day, 7 days/week","P, EB, IB, R, T(Self-Reported)","","N"
"Orange Coast Memorial Medical Center","1497702575","","9920 Talbert Ave","FOUNTAIN VALLEY","ORANGE","CA","92708","(714) 378-7000","","","","MemorialCare Medical Group - Fountain Valley","","The Joint Commission","24 hrs/day, 7 days/week","P, EB, IB, R, T(Self-Reported)","","N"
"Orange Coast Memorial Medical Center","1497702575","","9920 Talbert Ave","FOUNTAIN VALLEY","ORANGE","CA","92708","(714) 378-7000","","","","MemorialCare Medical Group - Huntington Beach","","The Joint Commission","24 hrs/day, 7 days/week","P, EB, IB, R, T(Self-Reported)","","N"
"Orange Coast Memorial Medical Center","1497702575","","9920 Talbert Ave","FOUNTAIN VALLEY","ORANGE","CA","92708","(714) 378-7000","","","","MemorialCare Medical Group - Irvine","","The Joint Commission","24 hrs/day, 7 days/week","P, EB, IB, R, T(Self-Reported)","","N"
"Orange Coast Memorial Medical Center","1497702575","","9920 Talbert Ave","FOUNTAIN VALLEY","ORANGE","CA","92708","(714) 378-7000","","","","MemorialCare Medical Group - LB / Bellflower","","The Joint Commission","24 hrs/day, 7 days/week","P, EB, IB, R, T(Self-Reported)","","N"
"Orange Coast Memorial Medical Center","1497702575","","9920 Talbert Ave","FOUNTAIN VALLEY","ORANGE","CA","92708","(714) 378-7000","","","","MemorialCare Medical Group - Mission Viejo, Madero Road","","The Joint Commission","24 hrs/day, 7 days/week","P, EB, IB, R, T(Self-Reported)","","N"
"Orange Coast Memorial Medical Center","1497702575","","9920 Talbert Ave","FOUNTAIN VALLEY","ORANGE","CA","92708","(714) 378-7000","","","","MemorialCare Medical Group - Oceanview","","The Joint Commission","24 hrs/day, 7 days/week","P, EB, IB, R, T(Self-Reported)","","N"
"Orange Coast Memorial Medical Center","1497702575","","9920 Talbert Ave","FOUNTAIN VALLEY","ORANGE","CA","92708","(714) 378-7000","","","","MemorialCare Medical Group - San Juan Capistrano","","The Joint Commission","24 hrs/day, 7 days/week","P, EB, IB, R, T(Self-Reported)","","N"
"Orange Coast Memorial Medical Center","1497702575","","9920 Talbert Ave","FOUNTAIN VALLEY","ORANGE","CA","92708","(714) 378-7000","","","","MemorialCare Medical Group - Santa Ana, 17th Street","","The Joint Commission","24 hrs/day, 7 days/week","P, EB, IB, R, T(Self-Reported)","","N"
"Orange Coast Memorial Medical Center","1497702575","","9920 Talbert Ave","FOUNTAIN VALLEY","ORANGE","CA","92708","(714) 378-7000","","","","MemorialCare Medical Group - Spring","","The Joint Commission","24 hrs/day, 7 days/week","P, EB, IB, R, T(Self-Reported)","","N"
"Orange Coast Memorial Medical Center","1497702575","","9920 Talbert Ave","FOUNTAIN VALLEY","ORANGE","CA","92708","(714) 378-7000","","","","","","The Joint Commission","24 hrs/day, 7 days/week","P, EB, IB, R, T(Self-Reported)","","N"
"Riverside University Health System - Medical Center","1821159195","","26520 Cactus Ave.","MORENO VALLEY","RIVERSIDE","CA","92555","(951) 486-4000, (951) 486-4458","","","","","","The Joint Commission","24 hrs/day, 7 days/week","","","N"
"Mountains Community Hospital","1245380799","","29101 Hospital Road","LAKE ARROWHEAD","SAN BERNARDINO","CA","92352","(909) 336-3651","","","","MCH RUNNING SPRINGS RURAL HEALTH CLINIC","","The Joint Commission","24 hrs/day, 7 days/week","","","Y"
"Mountains Community Hospital","1245380799","","29101 Hospital Road","LAKE ARROWHEAD","SAN BERNARDINO","CA","92352","(909) 336-3651","","","","","","The Joint Commission","24 hrs/day, 7 days/week","","","Y"
"Alvarado Hospital Medical Center","1265468946","","6655 Alvarado Rd.","SAN DIEGO","SAN DIEGO","CA","92120","(619) 287-3270","","","","Alvarado Radiology Group Inc, A Professional Corporation","","The Joint Commission","24 hrs/day, 7 days/week","","","N"
"Alvarado Hospital Medical Center","1265468946","","6655 Alvarado Rd.","SAN DIEGO","SAN DIEGO","CA","92120","(619) 287-3270","","","","BCHF - CENTRO MEDICO EL CAJON","","The Joint Commission","24 hrs/day, 7 days/week","","","N"
"Alvarado Hospital Medical Center","1265468946","","6655 Alvarado Rd.","SAN DIEGO","SAN DIEGO","CA","92120","(619) 287-3270","","","","SYHC - CARE VIEW MEDICAL","","The Joint Commission","24 hrs/day, 7 days/week","","","N"
"Alvarado Hospital Medical Center","1265468946","","6655 Alvarado Rd.","SAN DIEGO","SAN DIEGO","CA","92120","(619) 287-3270","","","","Sycuan Medical Dental Center","","The Joint Commission","24 hrs/day, 7 days/week","","","N"
"Alvarado Hospital Medical Center","1265468946","","6655 Alvarado Rd.","SAN DIEGO","SAN DIEGO","CA","92120","(619) 287-3270","","","","","","The Joint Commission","24 hrs/day, 7 days/week","","","N"
"Encino Hospital Medical Center","1083888663","","16237 Ventura Blvd","ENCINO","LOS ANGELES","CA","91436","(818) 995-5000","","","","","","The Joint Commission","24 hrs/day, 7 days/week","P, EB, IB, R, T(Self-Reported)","","N"
"DISCOVERY MOOD & ANXIETY PROGRAM LOS ANGELES, MH OP","1962077495","","10780 Santa Monica Blvd Ste 230","LOS ANGELES","LOS ANGELES","CA","90025","(714) 710-1961","","","","","","None","24 hrs/day, 7 days/week","","","N"
"COLLEGE HOSPITAL CERRITOS","1225016595","","10802 College Pl","CERRITOS","LOS ANGELES","CA","90703","(566) 292-4958","","","","","","None","24 hrs/day, 7 days/week","P, EB, IB, R(Self-Reported)","","N"
"SHULIN INVEST, LLC DBA INSIGHT TREATMENT PROGRAMS","1659934263","","115 Main St","EL SEGUNDO","LOS ANGELES","CA","90245","(818) 501-3512","","","","","","None","24 hrs/day, 7 days/week","","","N"
"AURORA CHARTER OAK HOSPITAL","1770506024","","1161 E Covina Blvd","COVINA","LOS ANGELES","CA","91724","(626) 859-5275","","","","","","None","24 hrs/day, 7 days/week","P, EB, IB, R(Self-Reported)","","N"
"CHLB LLC DBA GLENDORA HOSPITAL","1487249298","","130 W Route 66 Ste 101","GLENDORA","LOS ANGELES","CA","91740","(626) 852-5011","","","","","","None","24 hrs/day, 7 days/week","","","N"
"CHLB LLC, DBA: GLENDORA HOSPITAL","1487249298","","150 West Route 66","GLENDORA","LOS ANGELES","CA","91740","(626) 852-5000","","","","","","None","24 hrs/day, 7 days/week","","","N"
"EAST VALLEY GLENDORA HOSPITAL LLC,DBA GLENDORA COMMUNITY HOSPITAL","1922135680","","150 West Route 66","GLENDORA","LOS ANGELES","CA","91740","(626) 852-5011","","","","","","None","24 hrs/day, 7 days/week","","","N"
"RENEWAL BEHAVIORAL HEALTH OUTPATIENT II","1194271270","","15350 Sutton St","SHERMAN OAKS","LOS ANGELES","CA","91403","(818) 918-0571","","","","","","None","24 hrs/day, 7 days/week","","","N"
"DISCOVERY PRACTICE MANAGEMENT INC","1134704075","","1601 Response Rd #365","SACRAMENTO","SACRAMENTO","CA","95815","(714) 710-1961","","","","","","None","24 hrs/day, 7 days/week","","","N"
"DISCOVERY PRACTICE MANAGMENT INC","1336727965","","1601 Response Rd #385","SACRAMENTO","SACRAMENTO","CA","95815","(714) 710-1961","","","","","","None","24 hrs/day, 7 days/week","","","N"
"COLLEGE HOSPITAL OUTPATIENT CENTER,SANTA ANA","1225016595","","1634 W 19th","SANTA ANA","ORANGE","CA","92706","(562) 924-9518","","","","","","None","24 hrs/day, 7 days/week","","","N"
"ROGERS BEHAVIORAL HEALTH CALIFORNIA, INC","1295317071","","17140 Bernardo Center Dr","SAN DIEGO","SAN DIEGO","CA","92128","(858) 716-8100","","","","","","None","24 hrs/day, 7 days/week","","","N"
"ROWI ENCINO, INC","1053965426","","17404 Ventura Blvd #100","ENCINO","LOS ANGELES","CA","91316","(805) 356-3477","","","","","","None","24 hrs/day, 7 days/week","","","N"
"HIDDEN STRENGTH BEHAVIORAL HEALTH","1679087118","","17821 17th Street Suite 160","TUSTIN","ORANGE","CA","92780","(949) 751-9744","","","","","","None","24 hrs/day, 7 days/week","","","N"
"CLEAR INC. DBA CLEAR RECOVERY CENTER","1386274108","","18123 Prairie Ave","TORRANCE","LOS ANGELES","CA","90504","(877) 799-1985","","","","","","None","24 hrs/day, 7 days/week","P(Self-Reported)","","N"
"Tarzana Treatment Centers","1396076147","","18646 Oxnard St","TARZANA","LOS ANGELES","CA","91356","(800) 996-1051","","","","","","None","24 hrs/day, 7 days/week","","","N"
"Gateways Hospital & Mental Health Center","1720151137","","1891 Effie St","LOS ANGELES","LOS ANGELES","CA","90026","(323) 644-2000","","","","","","None","24 hrs/day, 7 days/week","","","N"
"College Hospital Outpatient Center Alhambra","1225016595","","1933 W Valley Blvd","ALHAMBRA","LOS ANGELES","CA","91803","(626) 284-5100","","","","","","None","24 hrs/day, 7 days/week","","","N"
"Rowi Pasadena Inc","","","200 E Del Mar Blvd Ste 118","PASADENA","LOS ANGELES","CA","91105","(805) 356-3369","","","","","","None","24 hrs/day, 7 days/week","","","N"
"NEWPORT ACADEMY - SANTA MONICA","1073109047","","2001 Wilshire Blvd Ste 525","SANTA MONICA","LOS ANGELES","CA","90403","(877) 261-8271","","","","","","None","24 hrs/day, 7 days/week","","","N"
"Emanate Health","1215063151","","210 W San Bernardino Rd","COVINA","LOS ANGELES","CA","91723","(626) 331-7331","","","","","","None","24 hrs/day, 7 days/week","P, EB, IB, R(Self-Reported)","","N"
"Alvarado Parkway Institute","1477969970","","215 W Madison Ave","EL CAJON","SAN DIEGO","CA","92020","(800) 766-4274","","","","","","None","24 hrs/day, 7 days/week","","","N"
"CHAPTERS FAMILY TREATMENT CENTER","1710554027","","21600 Oxnard St","WOODLAND HILLS","LOS ANGELES","CA","91367","(818) 741-1119","","","","","","None","24 hrs/day, 7 days/week","","","N"
"TRIUMPH HEALTHCARE OUTPATIENT SERVICES","1184255887","","23201 Orange Ave","LAKE FOREST","ORANGE","CA","92630","(949) 877-4395","","","","","","None","24 hrs/day, 7 days/week","","","N"
"OCEANVIEW PSYCHIATRIC HEALTH FACILTY","1174950851","","2600 Redondo Ave Ste 500","LONG BEACH","LOS ANGELES","CA","90806","(949) 698-2142","","","","","","None","24 hrs/day, 7 days/week","P, EB, IB, R(Self-Reported)","","N"
"ROWI VALENCIA INC","1669098505","","27413 Tourney Rd Ste 1500","VALENCIA","LOS ANGELES","CA","91355","(805) 356-3477","","","","","","None","24 hours per day/7 days per week","","","N"
"CENTER FOR DISCOVERY, TEMECULA ED DBA DISCOVERY MOOD AND ANXIETY","1174166607","","27708 Jefferson Ave Ste 101","TEMECULA","RIVERSIDE","CA","92590","(714) 710-1961","","","","","","None","24 hours per day/7 days per week","","","N"
"ROWI TORRANCE INC","1417545666","","2790 Skypark Dr Ste 103","TORRANCE","LOS ANGELES","CA","90505","(805) 356-3369","","","","","","None","24 hours per day/7 days per week","","","N"
"AURORA LAS ENCINAS HOSPITAL","1700843216","","2900 E Del Mar Blvd","PASADENA","LOS ANGELES","CA","91107","(626) 356-2645","","","","","","None","24 hrs/day, 7 days/week","P, EB, IB, R(Self-Reported)","","N"
"KALI WEST, LLC","1164968590","","2912 Managua Pl","CARLSBAD","SAN DIEGO","CA","92009","(760) 560-8810","","","","","","None","24 hrs/day, 7 days/week","","","N"
"HERITAGE OAKS HOSPITAL, INC.","1548777634","","2945 Ramco St Ste 180","WEST SACRAMENTO","YOLO","CA","95691","(916) 371-8863","","","","","","None","24 hrs/day, 7 days/week","","","N"
"Akua Mind & Body","1255801767","","3025 Reynard Way","SAN DIEGO","SAN DIEGO","CA","92103","(949) 337-1439","","","","","","None","24 hrs/day, 7 days/week","","","N"
"West Anaheim Medical Center","1871501916","","3033 W Orange Ave","ANAHEIM","ORANGE","CA","92804","(714) 827-3000","","","","","","None","24 hrs/day, 7 days/week","","","N"
"Providence Mission Hospital-Lagun A Beach PPD Program","1093945412","","31872 Coast Hwy","LAGUNA BEACH","ORANGE","CA","92651","(949) 499-7552","","","","","","None","24 hrs/day, 7 days/week","P, EB, IB, R(Self-Reported)","","N"
"Southern CA Hospital at Culver City","1881788891","","3828 Delmas Terrance","CULVER CITY","LOS ANGELES","CA","90232","(310) 836-7000","","","","","","None","24 hrs/day, 7 days/week","P, IB, R(Self-Reported)","","N"
"THE BETTY FORD CENTER","1891846325","","39000 Bob Hope Dr","RANCHO MIRAGE","RIVERSIDE","CA","92270","(800) 257-7800","","","","","","None","24 hrs/day, 7 days/week","P, EB, IB, R(Self-Reported)","","N"
"ROWI FEINBERG INSTITUTE","1124594593","","4232 Las Virgenes Rd Unite B","CALABASAS","LOS ANGELES","CA","91302","(805) 356-3477","","","","","","None","24 hours per day/7 days per week","","","N"
"HERITAGE OAKS HOSPITAL, INC","1083709653","","4250 Auburn Blvd","SACRAMENTO","SACRAMENTO","CA","95841","(916) 489-3336","","","","","","None","24 hours per day/7 days per week","","","N"
"GROWTH EXTENDED","1073854147","","439 S Serrano Ave","LOS ANGELES","LOS ANGELES","CA","90020","(888) 948-9998","","","","","","None","24 hours per day/7 days per week","","","N"
"ROGERS BEHAVIORAL HEALTH-LOS ANGE LES","1538700471","","5140 W Goldleaf Cir Ste 250","LOS ANGELES","LOS ANGELES","CA","90056","(323) 431-3300","","","","","","None","24 hours per day/7 days per week","","","N"
"ADVANCES IN MENTAL HEALTH & ADDIC TIONS","1124529466","","5199 E Pacific Coast Hwy,Ste 330 N","LONG BEACH","LOS ANGELES","CA","90804","(562) 365-2020","","","","","","None","24 hours per day/7 days per week","P, EB, IB, R(Self-Reported)","","N"
"EATING DISORDER CENTER OF CALIFOR NIA","1730537754","","520 S Sepulveda Blvd Ste 208","LOS ANGELES","LOS ANGELES","CA","90049","(310) 472-3728","","","","","","None","24 hours per day/7 days per week","P, EB, IB, R(Self-Reported)","","N"
"CANYON RIDGE HOSPITAL","1902825128","","5353 G St","CHINO","SAN BERNARDINO","CA","91710","(909) 590-3700","","","","","","None","24 hours per day/7 days per week","P, EB, IB, R(Self-Reported)","","N"
"ALVARADO PARKWAY INSTITUTE","1477969970","","5538 University Ave","SAN DIEGO","SAN DIEGO","CA","92105","(619) 667-6133","","","","","","None","24 hrs/day, 7 days/week","P, EB, IB, R(Self-Reported)","","N"
"EVERLAST RECOVERY CENTERS","1487177374","","6560 Sandy Ln","RIVERSIDE","RIVERSIDE","CA","92505","(866) 338-6925","","","","","","None","24 hrs/day, 7 days/week","","","N"
"BELLA MONTE RECOVERY LLC","1083036602","","68111 Calle Las Tiendas","DSRT HOT SPGS","RIVERSIDE","CA","92240","(800) 947-1938","","","","","","None","24 hrs/day, 7 days/week","","","N"
"THE DISCOVERY HOUSE LLC","1073016226","","6956 Bertrand Ave Ste A","RESEDA","LOS ANGELES","CA","91335","(818) 452-1676","","","","","","None","24 hrs/day, 7 days/week","","","N"
"TWIN TOWN TREATMENT CENTERS","1407282247","","705 W La Veta Ave Ste 208","ORANGE","ORANGE","CA","92868","(562) 594-8844","","","","","","None","24 hrs/day, 7 days/week","P, EB, IB, R(Self-Reported)","","N"
"ALVARADO PARKWAY INSTITUTE","1205816931","","7050 Parkway Dr","LA MESA","SAN DIEGO","CA","91942","(800) 766-4274","","","","","","None","24 hrs/day, 7 days/week","P, EB, IB, R(Self-Reported)","","N"
"COLLEGE HOSPITAL OUTPATIENT CENTER, SIGNAL HILL","1225016595","","707 E Walton St","SIGNAL HILL","LOS ANGELES","CA","90755","(562) 924-9581","","","","","","None","24 hrs/day, 7 days/week","","","N"
"EXECUTIVE RECOVERY MENTAL HEALTH OUTPATIENT","1871108928","","77725 Enfield Ln Ste 200","PALM DESERT","RIVERSIDE","CA","92211","(805) 437-6515","","","","","","None","24 hrs/day, 7 days/week","","","N"
"SIERRA VISTA HOSPITAL, INC.","1639101116","","8001 Bruceville Rd","SACRAMENTO","SACRAMENTO","CA","95823","(916) 288-0300","","","","","","None","24 hrs/day, 7 days/week","","","N"
"SAGEPOINT INTENSIVE OUTPATIENT PROGRAM","1376206599","","8788 Elk Grove Blvd Ste O","ELK GROVE","SACRAMENTO","CA","95624","(916) 896-1061","","","","","","None","24 hrs/day, 7 days/week","","","N"
"AFFORDABLE PSYCHOLOGICAL SERVICES, DBA RECONNECT TRAUMA RECOVERY","1508463043","","881 Alma Real Dr Ste 205","PACIFIC PALISADES","LOS ANGELES","CA","90272","(310) 713-6739","","","","","","None","24 hrs/day, 7 days/week","","","N"
"LOS ANGELES COMMUNITY HOSPITAL AT BELLFLOWER","1114021250","","9542 Artesia Blvd","BELLFLOWER","LOS ANGELES","CA","90706","(562) 273-1800","","","","","","None","24 hrs/day, 7 days/week","P, EB, IB, R(Self-Reported)","","N"
"RESNICK NEUROPSYCHIATRIC","1952308363","","150 Ucla Medical Plz","LOS ANGELES","LOS ANGELES","CA","90024","(310) 825-0511, (310) 825-5730","","","","","","None","24 hrs/day, 7 days/week","","","N"
"BHC Alhambra Hospital Eating Diso rders","1194758623","","4619 Rosemead Blvd","ROSEMEAD","LOS ANGELES","CA","91770","(626) 286-1191","","","","","","None","24 hrs/day, 7 days/week","P, EB, IB, R(Self-Reported)","","N"

"Provider information appearing in ProviderSearch represents data in Health Net systems as of  4/26/2024. "
